Date,tmin,tmax,tmean,Rainfall
1/1/2015,5,24,14.5,0
1/2/2015,4.5,25,14.75,0
1/3/2015,6.5,12.5,9.5,12.5
1/4/2015,6.5,19.5,13,2
1/5/2015,7.5,21.5,14.5,0
1/6/2015,8.5,18.5,13.5,0
1/7/2015,7.5,22.5,15,0
1/8/2015,6.5,22,14.25,0.5
1/9/2015,3.5,21.5,12.5,0
1/10/2015,2,26,14,0
1/11/2015,3.5,21.5,12.5,0
1/12/2015,3.5,22.5,13,0
1/13/2015,3,22.5,12.75,0
1/14/2015,1.5,21.5,11.5,0
1/15/2015,2.5,21.5,12,0
1/16/2015,2.5,22,12.25,0
1/17/2015,3,21.5,12.25,0
1/18/2015,2.5,22.5,12.5,0
1/19/2015,2.5,21.5,12,0
1/20/2015,2.5,22.5,12.5,0
1/21/2015,2.5,23.5,13,0
1/22/2015,2.5,22.5,12.5,0
1/23/2015,2.5,21.5,12,0
1/24/2015,3,22,12.5,0
1/25/2015,9,22.5,15.75,0
1/26/2015,9.5,23,16.25,0
1/27/2015,6.5,21.5,14,0
1/28/2015,8.5,24.5,16.5,0
1/29/2015,5.5,21,13.25,0
1/30/2015,3.5,21.5,12.5,0
1/31/2015,2.5,20.5,11.5,0
2/1/2015,2,21,11.5,0
2/2/2015,3.5,25.5,14.5,0
2/3/2015,3.5,26,14.75,0
2/4/2015,6.5,25,15.75,0
2/5/2015,9.5,23.5,16.5,0
2/6/2015,3.5,20.5,12,0
2/7/2015,9.5,24,16.75,0
2/8/2015,7,25,16,0
2/9/2015,13.5,21.5,17.5,0
2/10/2015,10,23.5,16.75,0
2/11/2015,10,22,16,0
2/12/2015,12.5,22.5,17.5,0
2/13/2015,6.5,21.5,14,0
2/14/2015,5.5,25.5,15.5,0
2/15/2015,8,22.5,15.25,0
2/16/2015,6.5,23.5,15,0
2/17/2015,6.5,23.5,15,0
2/18/2015,6.5,22,14.25,0
2/19/2015,6.5,21.5,14,5.2
2/20/2015,6.5,23,14.75,0
2/21/2015,10,22.5,16.25,0
2/22/2015,6.5,26,16.25,0
2/23/2015,7.5,27.5,17.5,0
2/24/2015,12.5,28,20.25,0
2/25/2015,13.5,24.5,19,0
2/26/2015,13.5,28.5,21,0.5
2/27/2015,10,28.5,19.25,0
2/28/2015,10.5,28.5,19.5,0
3/1/2015,12.5,26.5,19.5,0
3/2/2015,13.5,25.5,19.5,0
3/3/2015,10,27.5,18.75,0
3/4/2015,10,25.5,17.75,0
3/5/2015,6.5,26,16.25,0
3/6/2015,9.5,22.5,16,0
3/7/2015,10.5,21.5,16,0
3/8/2015,9.5,26.5,18,0
3/9/2015,9.5,28.5,19,0
3/10/2015,10,27.5,18.75,0
3/11/2015,13.5,28.5,21,0
3/12/2015,13.5,29.5,21.5,0
3/13/2015,11,28.5,19.75,0
3/14/2015,13,27.5,20.25,0
3/15/2015,15,29.5,22.25,0
3/16/2015,13.5,28.5,21,0
3/17/2015,13.5,28.5,21,0
3/18/2015,10.5,28,19.25,0.4
3/19/2015,10,25,17.5,0
3/20/2015,10,28.5,19.25,0
3/21/2015,10.5,30,20.25,0
3/22/2015,13,31.5,22.25,0
3/23/2015,13.5,31,22.25,8.6
3/24/2015,11,30.5,20.75,0
3/25/2015,10.5,32.5,21.5,0
3/26/2015,10.5,31.5,21,8.1
3/27/2015,10,28.5,19.25,0
3/28/2015,14,30.5,22.25,0
3/29/2015,15,31,23,0
3/30/2015,15,29.5,22.25,19
3/31/2015,13.5,26,19.75,0
4/1/2015,13.5,27.5,20.5,11.6
4/2/2015,13,22,17.5,0.8
4/3/2015,13.5,29.5,21.5,6.1
4/4/2015,13.5,28.5,21,2.2
4/5/2015,13.5,27.5,20.5,0.4
4/6/2015,13,28.5,20.75,1.2
4/7/2015,13.5,28,20.75,1.2
4/8/2015,14,25.5,19.75,0.6
4/9/2015,13.5,28,20.75,6.3
4/10/2015,14.5,27.5,21,7.4
4/11/2015,13.5,22.5,18,7
4/12/2015,13.5,31,22.25,6.2
4/13/2015,13.5,22.5,18,0.6
4/14/2015,13.5,31.5,22.5,0
4/15/2015,13.5,31.5,22.5,0
4/16/2015,13.5,30,21.75,1.8
4/17/2015,13.5,28.5,21,1.6
4/18/2015,13.5,23,18.25,0.9
4/19/2015,13,29.5,21.25,0
4/20/2015,14,31,22.5,0.2
4/21/2015,16.5,30.5,23.5,4.7
4/22/2015,14,25.5,19.75,3.1
4/23/2015,9.5,25.5,17.5,8.3
4/24/2015,9.5,23.5,16.5,8.2
4/25/2015,13.5,22.5,18,2.3
4/26/2015,13.5,27,20.25,2.1
4/27/2015,13.5,28,20.75,4.2
4/28/2015,14.5,26.5,20.5,17.2
4/29/2015,14.5,20.5,17.5,1.2
4/30/2015,13.5,28,20.75,1.3
5/1/2015,15.5,30.5,23,3.2
5/2/2015,16.5,27.5,22,0
5/3/2015,16.5,30.5,23.5,0.1
5/4/2015,16.5,30.5,23.5,0
5/5/2015,15,31.5,23.25,18.2
5/6/2015,14.5,30.5,22.5,15.8
5/7/2015,13.5,30.5,22,3.8
5/8/2015,13,29.5,21.25,0.4
5/9/2015,15,31.5,23.25,0
5/10/2015,16.5,31.5,24,0.8
5/11/2015,16.5,23.5,20,1.2
5/12/2015,15,31,23,9.6
5/13/2015,16.5,30,23.25,5.2
5/14/2015,17.5,30.5,24,0.2
5/15/2015,19.5,26.5,23,1.4
5/16/2015,19.5,28.5,24,8.4
5/17/2015,16.5,29.5,23,14.1
5/18/2015,16.5,31.5,24,0.2
5/19/2015,17.5,31,24.25,0
5/20/2015,17.5,31,24.25,0
5/21/2015,19,28.5,23.75,1
5/22/2015,17.5,29.5,23.5,1.5
5/23/2015,17.5,28.5,23,1
5/24/2015,12.5,25.5,19,0
5/25/2015,17.5,29,23.25,20
5/26/2015,17.5,31,24.25,3.2
5/27/2015,16.5,24.5,20.5,1.3
5/28/2015,17,26.5,21.75,0.2
5/29/2015,17.5,30.5,24,0.3
5/30/2015,19.5,31.5,25.5,0
5/31/2015,19.5,22.5,21,0
6/1/2015,18.5,30.5,24.5,2
6/2/2015,19.5,30.5,25,4.2
6/3/2015,20.5,32.5,26.5,0.1
6/4/2015,20.5,32,26.25,0.2
6/5/2015,20.5,30.5,25.5,0.3
6/6/2015,19.5,29.5,24.5,0
6/7/2015,20,32,26,0.2
6/8/2015,20.5,32,26.25,0
6/9/2015,19.5,32,25.75,0
6/10/2015,20.5,30.5,25.5,16
6/11/2015,19,30,24.5,8.2
6/12/2015,19.5,30,24.75,10.3
6/13/2015,18.5,25.5,22,2.4
6/14/2015,18.5,26,22.25,0
6/15/2015,19,26.5,22.75,0
6/16/2015,18.5,27,22.75,0
6/17/2015,20,32,26,2
6/18/2015,20,31,25.5,0
6/19/2015,18.5,31,24.75,0.4
6/20/2015,19.5,31,25.25,0
6/21/2015,19,28.5,23.75,0.2
6/22/2015,20,33,26.5,19
6/23/2015,20,24,22,9.3
6/24/2015,20.5,25,22.75,8
6/25/2015,20,29,24.5,0
6/26/2015,20.5,31,25.75,3.2
6/27/2015,21,28,24.5,11.2
6/28/2015,20,28,24,2.3
6/29/2015,19,29,24,3.2
6/30/2015,20,29,24.5,0
7/1/2015,19,27,23,3.2
7/2/2015,19,28,23.5,3.5
7/3/2015,20,30,25,0
7/4/2015,20,29,24.5,11.2
7/5/2015,21,31,26,1.2
7/6/2015,20,31,25.5,8
7/7/2015,19.5,32,25.75,0.2
7/8/2015,20,31,25.5,19
7/9/2015,20,33,26.5,16.2
7/10/2015,19.5,29,24.25,0
7/11/2015,19.5,32,25.75,2.4
7/12/2015,20,32,26,0.2
7/13/2015,20.5,32,26.25,0.3
7/14/2015,20,29,24.5,17.2
7/15/2015,21,26,23.5,2.3
7/16/2015,20,32,26,0
7/17/2015,20,33,26.5,5.2
7/18/2015,17.5,32,24.75,0.2
7/19/2015,18,30,24,3
7/20/2015,19,29,24,0
7/21/2015,19,28,23.5,8
7/22/2015,20,30,25,3.2
7/23/2015,20,31,25.5,2.3
7/24/2015,20,30,25,0.2
7/25/2015,20,31,25.5,0
7/26/2015,19,32,25.5,2.3
7/27/2015,16,32,24,3.2
7/28/2015,20,32,26,0
7/29/2015,19,32,25.5,4.2
7/30/2015,20,32,26,3.2
7/31/2015,20,29,24.5,0
8/1/2015,20,30,25,0
8/2/2015,20,30,25,0
8/3/2015,20,31,25.5,0
8/4/2015,19,32,25.5,2.3
8/5/2015,20,31,25.5,2.4
8/6/2015,20,30,25,0
8/7/2015,19,30,24.5,0
8/8/2015,19.5,30,24.75,10
8/9/2015,19.5,34.5,27,0
8/10/2015,19.5,35.5,27.5,0
8/11/2015,19.5,35.5,27.5,0.2
8/12/2015,21.5,33.5,27.5,11.2
8/13/2015,19.5,30.5,25,1.4
8/14/2015,20,32.5,26.25,0.8
8/15/2015,20,31.5,25.75,2
8/16/2015,20,29.5,24.75,0.5
8/17/2015,20,30.5,25.25,0
8/18/2015,20,31,25.5,4.2
8/19/2015,20,27.5,23.75,37.2
8/20/2015,19.5,22,20.75,23.2
8/21/2015,17.5,26,21.75,9.2
8/22/2015,17,28.5,22.75,19.6
8/23/2015,19.5,31.5,25.5,0.5
8/24/2015,20,33.5,26.75,5.8
8/25/2015,19.5,32.5,26,1.2
8/26/2015,20,31.5,25.75,7.4
8/27/2015,20,32.5,26.25,8.2
8/28/2015,19.5,29.5,24.5,6
8/29/2015,19.5,32.5,26,1
8/30/2015,19.5,25.5,22.5,3.5
8/31/2015,19.5,28.5,24,2
9/1/2015,19.5,31.5,25.5,6.2
9/2/2015,19.5,27.5,23.5,0.3
9/3/2015,19.5,31.5,25.5,0.2
9/4/2015,19.5,31.5,25.5,0.1
9/5/2015,19.5,33.5,26.5,0
9/6/2015,19.5,32.5,26,7
9/7/2015,19.5,33,26.25,2
9/8/2015,20,33.5,26.75,0
9/9/2015,19.5,33.5,26.5,0
9/10/2015,19.5,33.5,26.5,0
9/11/2015,18.5,28.5,23.5,0
9/12/2015,19,34.5,26.75,2.2
9/13/2015,19.5,33.5,26.5,1.2
9/14/2015,20,30.5,25.25,5.4
9/15/2015,19.5,30.5,25,0
9/16/2015,19.5,30.5,25,5.2
9/17/2015,19.5,30.5,25,24.6
9/18/2015,19.5,34.5,27,1.8
9/19/2015,19.5,33,26.25,0
9/20/2015,19.5,31.5,25.5,20.6
9/21/2015,19.5,30.5,25,1.2
9/22/2015,19.5,30.5,25,1
9/23/2015,19.5,28.5,24,0.8
9/24/2015,19.5,28.5,24,8.2
9/25/2015,19.5,30,24.75,0.4
9/26/2015,18.5,24.5,21.5,2
9/27/2015,17,28.5,22.75,0
9/28/2015,16.5,31,23.75,0
9/29/2015,17,32.5,24.75,0
9/30/2015,16.5,32,24.25,0
10/1/2015,19.5,31.5,25.5,0
10/2/2015,16.5,31.5,24,1
10/3/2015,18.5,27.5,23,0
10/4/2015,16.5,31.5,24,0
10/5/2015,14,31.5,22.75,0
10/6/2015,13,30.5,21.75,0
10/7/2015,13,31,22,0
10/8/2015,15.5,31.5,23.5,0
10/9/2015,16.5,31,23.75,0
10/10/2015,12.5,31,21.75,5.4
10/11/2015,15.5,28,21.75,0
10/12/2015,12.5,29.5,21,0
10/13/2015,13.5,30,21.75,0
10/14/2015,13,20.5,16.75,0
10/15/2015,11.5,29.5,20.5,0
10/16/2015,14.5,28,21.25,0
10/17/2015,13.5,29.5,21.5,0
10/18/2015,13.5,29.5,21.5,0
10/19/2015,12.5,29.5,21,0
10/20/2015,15.5,30.5,23,0
10/21/2015,13,30.5,21.75,0
10/22/2015,13.5,29.5,21.5,0
10/23/2015,13.5,26.5,20,4.8
10/24/2015,11,27.5,19.25,0
10/25/2015,12.5,28.5,20.5,0
10/26/2015,12.5,27.5,20,0
10/27/2015,12,26.5,19.25,0
10/28/2015,12.5,27.5,20,0
10/29/2015,12.5,27.5,20,0
10/30/2015,10.5,27.5,19,0
10/31/2015,13.5,27.5,20.5,0
11/1/2015,10,27.5,18.75,1.6
11/2/2015,11.5,27.5,19.5,3.6
11/3/2015,12.5,26,19.25,2.4
11/4/2015,13.5,19.5,16.5,3.8
11/5/2015,13,20,16.5,1.8
11/6/2015,13.5,23.5,18.5,0
11/7/2015,12.5,24.5,18.5,0
11/8/2015,12.5,25.5,19,0
11/9/2015,10,25.5,17.75,0
11/10/2015,9,25.5,17.25,0
11/11/2015,7.5,25.5,16.5,0
11/12/2015,7.5,25.5,16.5,0
11/13/2015,9.5,25.5,17.5,0
11/14/2015,13.5,21.5,17.5,0
11/15/2015,12.5,19.5,16,0
11/16/2015,12.5,20.5,16.5,0
11/17/2015,10.5,24.5,17.5,0
11/18/2015,10.5,24,17.25,0
11/19/2015,10,26.5,18.25,0
11/20/2015,7.5,25.5,16.5,0
11/21/2015,7,25,16,0
11/22/2015,7.5,25.5,16.5,0
11/23/2015,9.5,25.5,17.5,0
11/24/2015,7.5,24.5,16,0
11/25/2015,6.5,24.5,15.5,0
11/26/2015,6,20.5,13.25,0
11/27/2015,10.5,23.5,17,0
11/28/2015,10,23.5,16.75,0
11/29/2015,9.5,23.5,16.5,0
11/30/2015,9.5,24.5,17,0
12/1/2015,9.5,24.5,17,0
12/2/2015,10,24.5,17.25,0.4
12/3/2015,11,19.5,15.25,0.6
12/4/2015,6.5,22,14.25,0
12/5/2015,6.5,21.5,14,0
12/6/2015,6.5,23,14.75,0
12/7/2015,9.5,22.5,16,0
12/8/2015,9.5,22.5,16,0
12/9/2015,9.5,20.5,15,0
12/10/2015,10,18.5,14.25,0
12/11/2015,9.5,20.5,15,0
12/12/2015,7.5,17,12.25,0
12/13/2015,7.5,21.5,14.5,0
12/14/2015,8.5,18.5,13.5,0
12/15/2015,6.5,19,12.75,0
12/16/2015,7.5,16.5,12,0
12/17/2015,6,20,13,0
12/18/2015,3.5,18.5,11,0
12/19/2015,6.5,19.5,13,0
12/20/2015,6,13.5,9.75,0
12/21/2015,3.5,18.5,11,0
12/22/2015,4.5,18.5,11.5,0
12/23/2015,3.5,19.5,11.5,0
12/24/2015,3.5,14.5,9,0
12/25/2015,3.5,21.5,12.5,0
12/26/2015,1.5,22.5,12,0
12/27/2015,1.5,21,11.25,0
12/28/2015,2.5,21,11.75,0
12/29/2015,3.5,21.5,12.5,0
12/30/2015,7.5,20.5,14,0
12/31/2015,6.5,21.5,14,0
1/1/2016,6,20.5,13.25,0
1/2/2016,7.5,21.5,14.5,0
1/3/2016,5.5,21,13.25,0
1/4/2016,6.5,21,13.75,0
1/5/2016,4.5,21.5,13,0
1/6/2016,7,19,13,0
1/7/2016,9.5,15.5,12.5,0
1/8/2016,7.5,20,13.75,1.2
1/9/2016,9.5,18.5,14,0
1/10/2016,6.5,19.5,13,0.2
1/11/2016,7.5,20.5,14,0
1/12/2016,5.5,21.5,13.5,0
1/13/2016,7.5,19.5,13.5,0
1/14/2016,8.5,17.5,13,0
1/15/2016,6.5,14,10.25,0
1/16/2016,6.5,18.5,12.5,0
1/17/2016,4.5,24.5,14.5,0
1/18/2016,3.5,21,12.25,0
1/19/2016,3.5,22.5,13,6.4
1/20/2016,7,20.5,13.75,0
1/21/2016,6.5,21,13.75,0
1/22/2016,7,20.5,13.75,0
1/23/2016,6,21.5,13.75,0
1/24/2016,6.5,17.5,12,0
1/25/2016,3.5,21.5,12.5,0
1/26/2016,3.5,22.5,13,0
1/27/2016,6.5,18.5,12.5,0
1/28/2016,3,20.5,11.75,0
1/29/2016,6.5,19.5,13,0
1/30/2016,7.5,14.5,11,0
1/31/2016,6.5,14.5,10.5,0
2/1/2016,6.5,15,10.75,0
2/2/2016,7.5,20,13.75,0
2/3/2016,8.5,16.5,12.5,0
2/4/2016,9.5,17.5,13.5,0
2/5/2016,7,23,15,0
2/6/2016,11,21,16,0
2/7/2016,10.5,25,17.75,0
2/8/2016,10,24.5,17.25,1
2/9/2016,6.5,23.5,15,0
2/10/2016,10,20.5,15.25,0
2/11/2016,10,20.5,15.25,0
2/12/2016,6.5,22,14.25,0
2/13/2016,7.5,22.5,15,0
2/14/2016,6.5,22.5,14.5,0
2/15/2016,9.5,24,16.75,0
2/16/2016,10.5,23.5,17,0
2/17/2016,10,24.5,17.25,0
2/18/2016,12.5,22.5,17.5,0.6
2/19/2016,12.5,21.5,17,0
2/20/2016,13,21,17,1.8
2/21/2016,13.5,24.5,19,0
2/22/2016,13.5,19.5,16.5,0
2/23/2016,13.5,22,17.75,0
2/24/2016,7.5,24.5,16,0
2/25/2016,9.5,20,14.75,0
2/26/2016,8.5,27.5,18,0
2/27/2016,9.5,28,18.75,0
2/28/2016,9.5,28,18.75,2.2
2/29/2016,9.5,29.5,19.5,0
3/1/2016,10,22.5,16.25,0.2
3/2/2016,7.5,27.5,17.5,0
3/3/2016,11.5,27.5,19.5,0.4
3/4/2016,11.5,26.5,19,3.4
3/5/2016,10,28.5,19.25,5.7
3/6/2016,11.5,25.5,18.5,0.1
3/7/2016,12.5,27.5,20,5.6
3/8/2016,13.5,25.5,19.5,0
3/9/2016,13,26,19.5,0
3/10/2016,14.5,28,21.25,0.3
3/11/2016,13.5,24.5,19,0
3/12/2016,13.5,23.5,18.5,0.7
3/13/2016,13.5,25.5,19.5,0
3/14/2016,12.5,28.5,20.5,0
3/15/2016,10,29.5,19.75,0
3/16/2016,11.5,27,19.25,0
3/17/2016,9.5,28.5,19,0
3/18/2016,13,25.5,19.25,0
3/19/2016,12.5,27.5,20,0
3/20/2016,13.5,24,18.75,6.4
3/21/2016,13,18.5,15.75,1.8
3/22/2016,13.5,26,19.75,4.2
3/23/2016,9.5,27,18.25,0
3/24/2016,8.5,29.5,19,0
3/25/2016,9.5,32,20.75,0
3/26/2016,10.5,31.5,21,0
3/27/2016,13.5,28.5,21,10.2
3/28/2016,14,18.5,16.25,0
3/29/2016,13.5,28,20.75,0
3/30/2016,13.5,26.5,20,3
3/31/2016,13,22,17.5,0.6
4/1/2016,13.5,26,19.75,0
4/2/2016,13.5,31,22.25,0
4/3/2016,16,33.5,24.75,0
4/4/2016,16.5,27.5,22,0
4/5/2016,16.5,29.5,23,12.2
4/6/2016,13.5,24.5,19,6.8
4/7/2016,14.5,31.5,23,0
4/8/2016,16.5,30.5,23.5,12
4/9/2016,13.5,30,21.75,0
4/10/2016,14.5,31.5,23,0
4/11/2016,16.5,28.5,22.5,1.6
4/12/2016,16,31.5,23.75,0.1
4/13/2016,16,29.5,22.75,0
4/14/2016,13.5,21.5,17.5,21
4/15/2016,11,31,21,22
4/16/2016,14,25.5,19.75,2.2
4/17/2016,11,31.5,21.25,1.8
4/18/2016,11.5,23,17.25,2.8
4/19/2016,16.5,29,22.75,0.6
4/20/2016,16.5,29.5,23,3.6
4/21/2016,16.5,26.5,21.5,0
4/22/2016,16.5,24,20.25,7.2
4/23/2016,16.5,24.5,20.5,0
4/24/2016,14.5,31.5,23,0
4/25/2016,13,30.5,21.75,0
4/26/2016,13.5,30,21.75,0
4/27/2016,16,30,23,0
4/28/2016,17,31,24,1.6
4/29/2016,13.5,31.5,22.5,0.6
4/30/2016,16.5,31.5,24,3.2
5/1/2016,13,31.5,22.25,0
5/2/2016,13,31.5,22.25,0
5/3/2016,13,31.5,22.25,0
5/4/2016,13.5,31.5,22.5,0
5/5/2016,13.5,31.5,22.5,1.4
5/6/2016,13.5,25,19.25,1.8
5/7/2016,15.5,28.5,22,3.7
5/8/2016,15.5,31.5,23.5,0.3
5/9/2016,15.5,32.5,24,0
5/10/2016,16,34,25,0
5/11/2016,16,36.5,26.25,0
5/12/2016,16,33.5,24.75,0.2
5/13/2016,16,33.5,24.75,10.5
5/14/2016,16,28,22,0.3
5/15/2016,16.5,26.5,21.5,1.3
5/16/2016,17.5,27,22.25,2.4
5/17/2016,18,24.5,21.25,0.6
5/18/2016,17,26,21.5,0
5/19/2016,15,32,23.5,0.2
5/20/2016,15,26,20.5,3.2
5/21/2016,16.5,28.5,22.5,0.4
5/22/2016,16.5,31.5,24,0
5/23/2016,18,33.5,25.75,0.4
5/24/2016,14.5,33.5,24,8
5/25/2016,16.5,28.5,22.5,17.8
5/26/2016,16.5,33.5,25,0.9
5/27/2016,16.5,27.5,22,0
5/28/2016,16.5,33.5,25,1.6
5/29/2016,16.5,33.5,25,3.6
5/30/2016,16.5,33.5,25,0.1
5/31/2016,16.5,33.5,25,0.6
6/1/2016,16.5,32,24.25,0
6/2/2016,16.5,33.5,25,0
6/3/2016,16.5,34.5,25.5,0
6/4/2016,17,35.5,26.25,34
6/5/2016,19.5,32,25.75,5.2
6/6/2016,19.5,28,23.75,1.6
6/7/2016,19.5,32,25.75,1.2
6/8/2016,19.5,33.5,26.5,0.4
6/9/2016,19.5,33.5,26.5,0
6/10/2016,19,34.5,26.75,0.8
6/11/2016,19,36.5,27.75,0
6/12/2016,19,36.5,27.75,0
6/13/2016,19,36,27.5,0
6/14/2016,19.5,33.5,26.5,6
6/15/2016,20,33.5,26.75,2.3
6/16/2016,19.5,35.5,27.5,0.2
6/17/2016,19.5,34.5,27,6
6/18/2016,20,32,26,3.6
6/19/2016,19.5,31.5,25.5,0.8
6/20/2016,20,27,23.5,4.4
6/21/2016,20,31,25.5,1.3
6/22/2016,20.5,29.5,25,1.2
6/23/2016,20,29.5,24.75,0.6
6/24/2016,19.5,29.5,24.5,1.2
6/25/2016,19.5,34.5,27,0
6/26/2016,20,36.5,28.25,0
6/27/2016,20.5,37.5,29,8.4
6/28/2016,20.5,33.5,27,2
6/29/2016,20.5,32,26.25,0.4
6/30/2016,20.5,24.5,22.5,29.8
7/1/2016,19.5,27,23.25,1.2
7/2/2016,19.5,31,25.25,2.8
7/3/2016,19.5,31.5,25.5,25.4
7/4/2016,20,31,25.5,2.8
7/5/2016,20,28,24,6
7/6/2016,20,33.5,26.75,0
7/7/2016,20,35,27.5,0
7/8/2016,20.5,35.5,28,0
7/9/2016,20.5,34.5,27.5,0
7/10/2016,20.5,35,27.75,0
7/11/2016,20.5,35.5,28,0
7/12/2016,20,36,28,0
7/13/2016,20.5,34.5,27.5,29.2
7/14/2016,20,32,26,0.7
7/15/2016,20.5,34.5,27.5,8.7
7/16/2016,20,31.5,25.75,12
7/17/2016,20,27.5,23.75,1
7/18/2016,19.5,31,25.25,4.2
7/19/2016,20,28,24,5
7/20/2016,20.5,30,25.25,0.2
7/21/2016,20,28.5,24.25,12.2
7/22/2016,20,26.5,23.25,2.6
7/23/2016,19.5,27.5,23.5,0.8
7/24/2016,19.5,28.5,24,6.8
7/25/2016,19,28,23.5,0.6
7/26/2016,19.5,30.5,25,10.7
7/27/2016,19,31,25,0.2
7/28/2016,19.5,31.5,25.5,5.4
7/29/2016,19.5,34,26.75,12.8
7/30/2016,19.5,34.5,27,2.2
7/31/2016,19.5,33.5,26.5,4.6
8/1/2016,19.5,34.5,27,8.2
8/2/2016,19.5,33.5,26.5,7.4
8/3/2016,19.5,34.5,27,16
8/4/2016,19.5,34.5,27,6
8/5/2016,19.5,32.5,26,6.2
8/6/2016,19.5,34.5,27,0.2
8/7/2016,19,34,26.5,2.6
8/8/2016,20.5,34.5,27.5,0.5
8/9/2016,19.5,33.5,26.5,4.6
8/10/2016,20,34,27,0.6
8/11/2016,20,34,27,0
8/12/2016,20.5,34,27.25,0
8/13/2016,20.5,35,27.75,1
8/14/2016,20.5,34,27.25,21.6
8/15/2016,19,35,27,2.8
8/16/2016,20.5,32,26.25,0.6
8/17/2016,20,34,27,14
8/18/2016,19.5,34.5,27,0.1
8/19/2016,19.5,34.5,27,0
8/20/2016,20,37,28.5,0
8/21/2016,19,33.5,26.25,2
8/22/2016,20,32.5,26.25,2.6
8/23/2016,20,33,26.5,2.4
8/24/2016,19,34,26.5,3.4
8/25/2016,17,35,26,0.8
8/26/2016,17.5,31.5,24.5,0
8/27/2016,19,34.5,26.75,0
8/28/2016,19.5,34.5,27,0
8/29/2016,19,35,27,0
8/30/2016,20,34,27,0.9
8/31/2016,20,34,27,0
9/1/2016,20.5,31.5,26,15.2
9/2/2016,19.5,28.5,24,6.5
9/3/2016,20,33,26.5,0.1
9/4/2016,20,34,27,0.4
9/5/2016,20,34,27,2.8
9/6/2016,19.5,34,26.75,0
9/7/2016,19.5,31.5,25.5,7.6
9/8/2016,20,33.5,26.75,0.7
9/9/2016,20,30,25,4.6
9/10/2016,19,32.5,25.75,1
9/11/2016,19.5,31.5,25.5,8.2
9/12/2016,17.5,28.5,23,0.2
9/13/2016,19,30.5,24.75,0.8
9/14/2016,19,31.5,25.25,8.2
9/15/2016,19.5,32,25.75,6.7
9/16/2016,19.5,31.5,25.5,0.8
9/17/2016,19,31.5,25.25,5.4
9/18/2016,19.5,31,25.25,2.5
9/19/2016,19.5,30.5,25,2.2
9/20/2016,20,31.5,25.75,6.8
9/21/2016,17.5,26,21.75,4.4
9/22/2016,19,29.5,24.25,3.2
9/23/2016,19.5,26.5,23,0.2
9/24/2016,17.5,28.5,23,3.7
9/25/2016,19,22.5,20.75,4.8
9/26/2016,16.5,29.5,23,10.2
9/27/2016,19,31.5,25.25,7.8
9/28/2016,19.5,30.5,25,0.2
9/29/2016,19,30.5,24.75,7.6
9/30/2016,19,31.5,25.25,9.4
10/1/2016,19.5,31.5,25.5,1
10/2/2016,19,33.5,26.25,0
10/3/2016,16.5,33,24.75,0
10/4/2016,16.5,30,23.25,0
10/5/2016,17.5,28,22.75,1
10/6/2016,17,29.5,23.25,0
10/7/2016,17,29.5,23.25,0
10/8/2016,19,27.5,23.25,0
10/9/2016,19.5,30,24.75,7.6
10/10/2016,18,27.5,22.75,3.2
10/11/2016,19,24.5,21.75,32.5
10/12/2016,16.5,19,17.75,53.2
10/13/2016,16.5,20.5,18.5,3.8
10/14/2016,13.5,28,20.75,0
10/15/2016,13,28.5,20.75,0
10/16/2016,12.5,28.5,20.5,0
10/17/2016,13,30.5,21.75,0
10/18/2016,13,30.5,21.75,0
10/19/2016,12.5,30,21.25,0
10/20/2016,12.5,28.5,20.5,0
10/21/2016,12.5,28,20.25,0
10/22/2016,12.5,28,20.25,0
10/23/2016,13.5,27.5,20.5,0
10/24/2016,15.5,27.5,21.5,0
10/25/2016,13,29,21,0
10/26/2016,12.5,28,20.25,0
10/27/2016,10.5,28.5,19.5,0
10/28/2016,10,27.5,18.75,0
10/29/2016,10,27,18.5,0
10/30/2016,9.5,27,18.25,0
10/31/2016,9.5,27.5,18.5,0
11/1/2016,9.5,27.5,18.5,0
11/2/2016,10,28.5,19.25,0
11/3/2016,9.5,28.5,19,0
11/4/2016,9.5,27.5,18.5,0
11/5/2016,9.5,23.5,16.5,0
11/6/2016,7.5,25,16.25,0
11/7/2016,7.5,25.5,16.5,0
11/8/2016,7.5,26.5,17,0
11/9/2016,7,26,16.5,0
11/10/2016,9.5,26.5,18,0
11/11/2016,13.5,27.5,20.5,0
11/12/2016,13,27.5,20.25,0
11/13/2016,13,26,19.5,0
11/14/2016,13.5,27.5,20.5,0
11/15/2016,10.5,24.5,17.5,0
11/16/2016,10.5,25,17.75,0
11/17/2016,9.5,24.5,17,0
11/18/2016,7.5,25,16.25,0
11/19/2016,7.5,25,16.25,0
11/20/2016,7,24.5,15.75,0
11/21/2016,6.5,24.5,15.5,0
11/22/2016,6.5,24.5,15.5,0
11/23/2016,7.5,25,16.25,0
11/24/2016,10,24,17,0
11/25/2016,11,24,17.5,0
11/26/2016,10.5,25,17.75,0
11/27/2016,10,24.5,17.25,0
11/28/2016,11.5,23.5,17.5,0
11/29/2016,12.5,25.5,19,0
11/30/2016,13.5,21.5,17.5,0
12/1/2016,12.5,21.5,17,0.5
12/2/2016,11.5,21.5,16.5,0.6
12/3/2016,10.5,24,17.25,0
12/4/2016,7.5,24,15.75,0
12/5/2016,6.5,24.5,15.5,0
12/6/2016,6.5,24.5,15.5,0
12/7/2016,6.5,24,15.25,0
12/8/2016,6,24.5,15.25,0
12/9/2016,7,24.5,15.75,0
12/10/2016,7.5,24.5,16,0
12/11/2016,6.5,23.5,15,0
12/12/2016,6.5,22.5,14.5,0
12/13/2016,6.5,22,14.25,0
12/14/2016,6.5,22,14.25,0
12/15/2016,6.5,22,14.25,0
12/16/2016,6.5,22.5,14.5,0
12/17/2016,6.5,23.5,15,0
12/18/2016,6.5,24,15.25,0
12/19/2016,7.5,19.5,13.5,0
12/20/2016,11.5,18.5,15,0
12/21/2016,10.5,24.5,17.5,0
12/22/2016,6.5,24,15.25,0.1
12/23/2016,10.5,19.5,15,0
12/24/2016,10.5,19.5,15,0
12/25/2016,10.5,23.5,17,0
12/26/2016,9.5,20.5,15,1.8
12/27/2016,6,21.5,13.75,0
12/28/2016,3,21.5,12.25,0.1
12/29/2016,3.5,22,12.75,0
12/30/2016,3.5,23.5,13.5,0
12/31/2016,4.5,23.5,14,0
1/1/2017,5,23,14,0
1/2/2017,4.5,24,14.25,0
1/3/2017,6.5,19,12.75,0
1/4/2017,3.5,22,12.75,0
1/5/2017,3.5,21.5,12.5,0
1/6/2017,6,21,13.5,0
1/7/2017,3.5,21.5,12.5,0
1/8/2017,3,21.5,12.25,0
1/9/2017,4.5,21.5,13,0
1/10/2017,4,19,11.5,0
1/11/2017,3.5,20,11.75,0
1/12/2017,3,20.5,11.75,0
1/13/2017,3,19.5,11.25,0
1/14/2017,2.5,20.5,11.5,0
1/15/2017,2.5,21.5,12,0
1/16/2017,2.5,21,11.75,0
1/17/2017,2.5,20.5,11.5,0
1/18/2017,3,21.5,12.25,0
1/19/2017,3.5,22.5,13,0
1/20/2017,3.5,21.5,12.5,0
1/21/2017,4,24,14,0
1/22/2017,4,24.5,14.25,0
1/23/2017,6,24,15,0
1/24/2017,6,24.5,15.25,0
1/25/2017,5,26.5,15.75,0
1/26/2017,6.5,26.5,16.5,0
1/27/2017,6.5,26.5,16.5,2
1/28/2017,6.5,20.5,13.5,0
1/29/2017,4,26,15,0
1/30/2017,7.5,24.5,16,0
1/31/2017,8.5,17,12.75,0
2/1/2017,9.5,23.5,16.5,0
2/2/2017,9.5,21.5,15.5,0
2/3/2017,6.5,24.5,15.5,0
2/4/2017,6.5,27.5,17,0
2/5/2017,7.5,27,17.25,0
2/6/2017,6,24,15,0
2/7/2017,9.5,24.5,17,0
2/8/2017,9.5,20.5,15,0
2/9/2017,10,24.5,17.25,0
2/10/2017,10.5,22,16.25,0
2/11/2017,9.5,23.5,16.5,0
2/12/2017,6.5,23.5,15,0
2/13/2017,6.5,23.5,15,0
2/14/2017,9.5,24.5,17,0
2/15/2017,6.5,26.5,16.5,0
2/16/2017,6.5,25.5,16,0
2/17/2017,6.5,27,16.75,0
2/18/2017,6.5,27.5,17,0
2/19/2017,13,24.5,18.75,0.1
2/20/2017,12,14,13,0
2/21/2017,10.5,18,14.25,0.7
2/22/2017,9.5,24.5,17,0
2/23/2017,9.5,25.5,17.5,0
2/24/2017,10,21.5,15.75,0
2/25/2017,9.5,23.5,16.5,0
2/26/2017,9.5,23.5,16.5,0
2/27/2017,9.5,18.5,14,4.2
2/28/2017,9.5,26.5,18,0
3/1/2017,11.5,21.5,16.5,1.4
3/2/2017,10.5,18,14.25,6
3/3/2017,10.5,24.5,17.5,0
3/4/2017,9.5,26.5,18,0
3/5/2017,9,25,17,1.6
3/6/2017,9.5,24.5,17,0
3/7/2017,6.5,24,15.25,0
3/8/2017,6.5,24,15.25,0
3/9/2017,6.5,23,14.75,0
3/10/2017,10.5,26.5,18.5,3
3/11/2017,10,13,11.5,11.2
3/12/2017,9,21.5,15.25,0.2
3/13/2017,6.5,23.5,15,0
3/14/2017,7.5,24,15.75,0
3/15/2017,7,25.5,16.25,0
3/16/2017,10.5,25,17.75,0.6
3/17/2017,9.5,18.5,14,4.2
3/18/2017,7,20.5,13.75,1
3/19/2017,6,24.5,15.25,0
3/20/2017,9.5,21,15.25,0
3/21/2017,6.5,26.5,16.5,0
3/22/2017,6.5,26.5,16.5,0
3/23/2017,13.5,25,19.25,0
3/24/2017,13,24,18.5,0
3/25/2017,13,27,20,0
3/26/2017,11.5,25,18.25,2.8
3/27/2017,11,28.5,19.75,0
3/28/2017,14.5,27.5,21,2
3/29/2017,14.5,23.5,19,0.2
3/30/2017,14.5,31.5,23,0.8
3/31/2017,16.5,32,24.25,13.5
4/1/2017,14.5,19.5,17,3.6
4/2/2017,13.5,26.5,20,4.4
4/3/2017,12.5,26.5,19.5,12.4
4/4/2017,12.5,27.5,20,2
4/5/2017,10.5,28.5,19.5,0
4/6/2017,14,28.5,21.25,0
4/7/2017,16.5,30.5,23.5,0.4
4/8/2017,16,31.5,23.75,0
4/9/2017,16.5,31.5,24,0
4/10/2017,13.5,28.5,21,0
4/11/2017,10.5,28.5,19.5,0
4/12/2017,12.5,30.5,21.5,0
4/13/2017,13,31.5,22.25,0
4/14/2017,10.5,31.5,21,0.7
4/15/2017,14.5,24.5,19.5,0
4/16/2017,13.5,30,21.75,0
4/17/2017,10.5,35,22.75,0
4/18/2017,12.5,32.5,22.5,0
4/19/2017,16,25.5,20.75,0
4/20/2017,16.5,25.5,21,0
4/21/2017,14,32.5,23.25,0.2
4/22/2017,16.5,24.5,20.5,1.5
4/23/2017,16,25,20.5,10.2
4/24/2017,16.5,29.5,23,0.5
4/25/2017,16.5,28,22.25,20.8
4/26/2017,16,31.5,23.75,0.1
4/27/2017,15,31,23,6.2
4/28/2017,14,31,22.5,0.1
4/29/2017,14,28.5,21.25,0.6
4/30/2017,16.5,30.5,23.5,1
5/1/2017,13.5,30,21.75,4.1
5/2/2017,13,29.5,21.25,0.2
5/3/2017,14,30.5,22.25,0
5/4/2017,14.5,19.5,17,10.7
5/5/2017,14,30,22,37.2
5/6/2017,13.5,30.5,22,8.8
5/7/2017,13,31,22,0
5/8/2017,17,33.5,25.25,0
5/9/2017,17.5,33.5,25.5,2
5/10/2017,16,25.5,20.75,14.8
5/11/2017,16.5,30,23.25,3
5/12/2017,14,33,23.5,0
5/13/2017,16.5,31,23.75,2.8
5/14/2017,17,30.5,23.75,7
5/15/2017,16.5,31.5,24,0.6
5/16/2017,16.5,32,24.25,3.6
5/17/2017,16.5,30.5,23.5,5
5/18/2017,16.5,28.5,22.5,2.8
5/19/2017,17,30,23.5,2.4
5/20/2017,18.5,32,25.25,0
5/21/2017,19.5,30,24.75,4.2
5/22/2017,18,31,24.5,6.2
5/23/2017,17.5,31.5,24.5,0
5/24/2017,20,32,26,0
5/25/2017,20.5,31,25.75,51.6
5/26/2017,17.5,32,24.75,60
5/27/2017,18,32,25,4.8
5/28/2017,16.5,32,24.25,0
5/29/2017,17,33,25,5
5/30/2017,17,22,19.5,2.8
5/31/2017,17.5,25,21.25,6.3
6/1/2017,18,31.5,24.75,0.2
6/2/2017,19.5,29.5,24.5,0.3
6/3/2017,18.5,31.5,25,4.2
6/4/2017,14.5,33.5,24,0.1
6/5/2017,19.5,32.5,26,0
6/6/2017,20.5,33.5,27,0
6/7/2017,18,34,26,0.8
6/8/2017,20.5,28.5,24.5,0
6/9/2017,19,33.5,26.25,0
6/10/2017,19.5,32.5,26,0
6/11/2017,19.5,35,27.25,0.6
6/12/2017,20,28,24,19.3
6/13/2017,20,24,22,5
6/14/2017,20.5,31,25.75,0.1
6/15/2017,18.5,31,24.75,0
6/16/2017,19.5,30,24.75,12.3
6/17/2017,18.5,32.5,25.5,0.1
6/18/2017,20.5,32,26.25,1.2
6/19/2017,20,32,26,7.2
6/20/2017,20.5,28,24.25,0.2
6/21/2017,20,28.5,24.25,0.2
6/22/2017,20,29,24.5,1.8
6/23/2017,19.5,36.5,28,0.4
6/24/2017,20,36.5,28.25,0
6/25/2017,20,35.5,27.75,0.2
6/26/2017,20.5,34.5,27.5,19.4
6/27/2017,20,31.5,25.75,7.9
6/28/2017,20,31.5,25.75,10.4
6/29/2017,20,31,25.5,4.6
6/30/2017,19.5,30.5,25,4.8
7/1/2017,19.5,28.5,24,1.9
7/2/2017,20,32.5,26.25,2
7/3/2017,20,35.5,27.75,5.1
7/4/2017,20.5,26.5,23.5,2.1
7/5/2017,19.5,31.5,25.5,0.5
7/6/2017,20,31.5,25.75,2.5
7/7/2017,20,33.5,26.75,0.5
7/8/2017,20,29.5,24.75,21.1
7/9/2017,19.5,28.5,24,13.1
7/10/2017,19.5,27,23.25,36.7
7/11/2017,19.5,24.5,22,12.6
7/12/2017,19.5,31.5,25.5,0.1
7/13/2017,19.5,34.5,27,0
7/14/2017,18.5,35.5,27,0.1
7/15/2017,20,35,27.5,0.1
7/16/2017,19.5,35,27.25,6.6
7/17/2017,19.5,35,27.25,22.5
7/18/2017,19.5,36.5,28,0.3
7/19/2017,19.5,33.5,26.5,0.2
7/20/2017,20,28.5,24.25,10
7/21/2017,19.5,29.5,24.5,40.3
7/22/2017,19.5,34.5,27,14
7/23/2017,20,34.5,27.25,14.6
7/24/2017,19.5,34.5,27,3
7/25/2017,19.5,31,25.25,0.4
7/26/2017,19.5,33,26.25,0.4
7/27/2017,20,34.5,27.25,0.1
7/28/2017,19.5,34,26.75,3.2
7/29/2017,20,30,25,4.5
7/30/2017,20,34.5,27.25,0.6
7/31/2017,20,34,27,0.6
8/1/2017,20,34,27,9.3
8/2/2017,20.5,32,26.25,2.6
8/3/2017,20.5,34.5,27.5,3.2
8/4/2017,20,35,27.5,2.1
8/5/2017,20.5,31,25.75,2.1
8/6/2017,20.5,34,27.25,9.5
8/7/2017,20.5,34.5,27.5,0.2
8/8/2017,20.5,31.5,26,4.9
8/9/2017,20,27,23.5,12.8
8/10/2017,19.5,27,23.25,0.6
8/11/2017,19.5,25.5,22.5,8.4
8/12/2017,19.5,27.5,23.5,6.5
8/13/2017,19.5,27.5,23.5,8.4
8/14/2017,19.5,31.5,25.5,1.8
8/15/2017,20,32.5,26.25,0.1
8/16/2017,20,32.5,26.25,1.7
8/17/2017,20,34,27,0
8/18/2017,19.5,31.5,25.5,2.5
8/19/2017,19.5,31.5,25.5,2.5
8/20/2017,19.5,31.5,25.5,7
8/21/2017,19.5,31.5,25.5,0.4
8/22/2017,20,33.5,26.75,4.6
8/23/2017,19.5,32.5,26,0.4
8/24/2017,20,35,27.5,7.6
8/25/2017,19.5,34.5,27,0.2
8/26/2017,20,34,27,2.8
8/27/2017,20,27,23.5,5.6
8/28/2017,19.5,34.5,27,0.2
8/29/2017,19.5,33.5,26.5,0
8/30/2017,20,34,27,2.6
8/31/2017,20,32.5,26.25,0
9/1/2017,20.5,33.5,27,7
9/2/2017,19.5,30.5,25,8
9/3/2017,19.5,30.5,25,1.4
9/4/2017,19.5,32.5,26,0
9/5/2017,20.5,32.5,26.5,0.4
9/6/2017,20.5,33.5,27,1
9/7/2017,19.5,33,26.25,0.1
9/8/2017,19.5,28.5,24,0.7
9/9/2017,20,31,25.5,6.6
9/10/2017,20,31.5,25.75,0.3
9/11/2017,19.5,32.5,26,0
9/12/2017,19.5,33.5,26.5,0.1
9/13/2017,19.5,33,26.25,8.7
9/14/2017,20,31.5,25.75,0
9/15/2017,20,33.5,26.75,10.2
9/16/2017,19.5,35,27.25,0.7
9/17/2017,19.5,34.5,27,7.8
9/18/2017,19.5,28,23.75,1.8
9/19/2017,19.5,33,26.25,3
9/20/2017,19.5,31,25.25,8.2
9/21/2017,19.5,31,25.25,3
9/22/2017,19.5,32,25.75,0.2
9/23/2017,20,30.5,25.25,0
9/24/2017,19.5,31,25.25,0
9/25/2017,19.5,31,25.25,1.4
9/26/2017,19.5,32,25.75,4.5
9/27/2017,19.5,32.5,26,0
9/28/2017,19.5,31.5,25.5,0.4
9/29/2017,19.5,23.5,21.5,30
9/30/2017,19.5,25.5,22.5,3
10/1/2017,17.5,31.5,24.5,4.8
10/2/2017,19.5,31.5,25.5,2.9
10/3/2017,19.5,31,25.25,0
10/4/2017,17.5,31.5,24.5,0
10/5/2017,18.5,32,25.25,0
10/6/2017,17.5,33,25.25,0
10/7/2017,17,33,25,1.6
10/8/2017,17,32.5,24.75,0
10/9/2017,17.5,32,24.75,0.4
10/10/2017,17.5,30.5,24,0.6
10/11/2017,17.5,31.5,24.5,0.3
10/12/2017,18,31.5,24.75,3.5
10/13/2017,17.5,30.5,24,6
10/14/2017,19.5,29,24.25,0
10/15/2017,17.5,31,24.25,0
10/16/2017,14,30,22,0.3
10/17/2017,14.5,30.5,22.5,0
10/18/2017,12.5,31,21.75,0
10/19/2017,12.5,30.5,21.5,0
10/20/2017,13,28.5,20.75,5.4
10/21/2017,16.5,27.5,22,6.4
10/22/2017,13.5,28.5,21,0
10/23/2017,16.5,28,22.25,0
10/24/2017,16,28,22,0.6
10/25/2017,13,26.5,19.75,0.3
10/26/2017,13.5,27,20.25,0.2
10/27/2017,13,27.5,20.25,0
10/28/2017,10.5,27.5,19,0
10/29/2017,11,28,19.5,0
10/30/2017,10,26.5,18.25,1.3
10/31/2017,10.5,26,18.25,1.2
11/1/2017,13,26,19.5,0.4
11/2/2017,10,25.5,17.75,0
11/3/2017,9.5,27.5,18.5,0
11/4/2017,10,27,18.5,0
11/5/2017,10,26.5,18.25,0
11/6/2017,10,26,18,0
11/7/2017,10,27,18.5,0
11/8/2017,10.5,26,18.25,0
11/9/2017,10,26.5,18.25,0
11/10/2017,11,26,18.5,0
11/11/2017,13,25,19,0
11/12/2017,16,24,20,0
11/13/2017,9,24,16.5,0
11/14/2017,17,25,21,0
11/15/2017,8,24,16,0
11/16/2017,9,24.5,16.75,0
11/17/2017,10,29,19.5,0
11/18/2017,9,25,17,0
11/19/2017,16,25,20.5,0
11/20/2017,13,25,19,0
11/21/2017,13,25,19,0
11/22/2017,11,24,17.5,0
11/23/2017,10,23,16.5,0
11/24/2017,10,24,17,0
11/25/2017,11,24,17.5,0
11/26/2017,10,22,16,0
11/27/2017,10,22,16,0
11/28/2017,10,22.5,16.25,0
11/29/2017,10.5,22,16.25,0
11/30/2017,9,22.5,15.75,0
12/1/2017,10,22,16,0
12/2/2017,10,22.5,16.25,0
12/3/2017,6.5,26,16.25,0
12/4/2017,9.5,23.5,16.5,0
12/5/2017,11,24.5,17.75,0
12/6/2017,7.5,24,15.75,0
12/7/2017,9.5,23.5,16.5,0
12/8/2017,9.5,24,16.75,0
12/9/2017,9.5,24.5,17,0
12/10/2017,9.5,24.5,17,0
12/11/2017,7.5,25,16.25,0
12/12/2017,7,23,15,0
12/13/2017,11.5,24,17.75,0
12/14/2017,11.5,24,17.75,0
12/15/2017,10.5,24.5,17.5,0
12/16/2017,10,22.5,16.25,0
12/17/2017,6.5,21.5,14,0
12/18/2017,10.5,22,16.25,0
12/19/2017,8.5,22.5,15.5,0
12/20/2017,6.5,22.5,14.5,0
12/21/2017,10,23.5,16.75,0
12/22/2017,10,24.5,17.25,0
12/23/2017,10.5,22.5,16.5,0
12/24/2017,8.5,23.5,16,0
12/25/2017,8.5,22,15.25,0
12/26/2017,8,22,15,0
12/27/2017,8.5,23,15.75,0
12/28/2017,7.5,23,15.25,0
12/29/2017,7.5,22,14.75,0
12/30/2017,7,21,14,0
12/31/2017,6.5,22,14.25,0
1/1/2018,6,21.5,13.75,0
1/2/2018,5.5,22,13.75,0
1/3/2018,6,20,13,0
1/4/2018,6.5,21,13.75,0
1/5/2018,5.5,21.5,13.5,0
1/6/2018,5,19.5,12.25,0
1/7/2018,5,19,12,0
1/8/2018,2.5,20,11.25,0
1/9/2018,2.5,22.5,12.5,0
1/10/2018,6.5,23.5,15,0
1/11/2018,6.5,23.5,15,0
1/12/2018,9.5,20.5,15,0
1/13/2018,7,18.5,12.75,0
1/14/2018,9.5,18,13.75,0
1/15/2018,8.5,19,13.75,0
1/16/2018,9.5,24.5,17,0
1/17/2018,9.5,24,16.75,0
1/18/2018,9.5,23,16.25,0
1/19/2018,10,22,16,0
1/20/2018,9.5,18,13.75,0
1/21/2018,10,24.5,17.25,0
1/22/2018,4,24.5,14.25,0
1/23/2018,6.5,23.5,15,0
1/24/2018,7.5,22,14.75,0
1/25/2018,6.5,22,14.25,2.2
1/26/2018,3.5,21.5,12.5,0
1/27/2018,6.5,18,12.25,0
1/28/2018,6,17.5,11.75,0
1/29/2018,4,18.5,11.25,0
1/30/2018,3.5,15.5,9.5,0
1/31/2018,7.5,18.5,13,0
2/1/2018,9.5,15.5,12.5,0
2/2/2018,9.5,15,12.25,0
2/3/2018,8.5,21.5,15,0
2/4/2018,8.5,21.5,15,0
2/5/2018,9,20.5,14.75,0
2/6/2018,10,20.5,15.25,0
2/7/2018,10,19.5,14.75,0
2/8/2018,9.5,22.5,16,0
2/9/2018,6.5,21.5,14,0
2/10/2018,6.5,20.5,13.5,0
2/11/2018,6.5,21.5,14,0
2/12/2018,6.5,24.5,15.5,0
2/13/2018,6,26,16,0
2/14/2018,6.5,25.5,16,1.2
2/15/2018,6.5,26,16.25,0
2/16/2018,6.5,24.5,15.5,0
2/17/2018,6.5,24.5,15.5,0
2/18/2018,10.5,21.5,16,0
2/19/2018,9.5,21,15.25,0.2
2/20/2018,10.5,25.5,18,0
2/21/2018,9.5,24.5,17,0
2/22/2018,9.5,24.5,17,1.2
2/23/2018,6.5,23.5,15,0
2/24/2018,6.5,25.5,16,0
2/25/2018,11.5,27.5,19.5,2.3
2/26/2018,10.5,23.5,17,0.6
2/27/2018,7,27.5,17.25,0
2/28/2018,7,27.5,17.25,0
3/1/2018,7,20.5,13.75,0.2
3/2/2018,12.5,16.5,14.5,5.6
3/3/2018,6.5,27.5,17,0
3/4/2018,10.5,27.5,19,0.1
3/5/2018,10.5,28,19.25,0
3/6/2018,9.5,25.5,17.5,0
3/7/2018,8,27,17.5,0
3/8/2018,9.5,28.5,19,0.4
3/9/2018,9.5,28,18.75,0.3
3/10/2018,9.5,28.5,19,2.5
3/11/2018,9.5,23,16.25,0.2
3/12/2018,10.5,23,16.75,7.2
3/13/2018,10,26.5,18.25,0
3/14/2018,8,28.7,18.35,0
3/15/2018,8,27.5,17.75,5.3
3/16/2018,11.5,22,16.75,0.4
3/17/2018,10,26,18,0.2
3/18/2018,6.5,27.5,17,0
3/19/2018,7.5,30.5,19,0
3/20/2018,10,31.5,20.75,0
3/21/2018,9.5,31.5,20.5,0
3/22/2018,9.5,31.5,20.5,7.4
3/23/2018,9.5,27.5,18.5,9.2
3/24/2018,13,28.5,20.75,0
3/25/2018,13.5,28.5,21,0
3/26/2018,13,27.5,20.25,4
3/27/2018,11,26.5,18.75,0.2
3/28/2018,10,28.5,19.25,6.4
3/29/2018,13,28.5,20.75,1.8
3/30/2018,11.5,23.5,17.5,0
3/31/2018,9.5,28,18.75,1.8
4/1/2018,7.5,31,19.25,4.2
4/2/2018,10,31.5,20.75,0
4/3/2018,10.5,30.5,20.5,0
4/4/2018,10.5,30.5,20.5,0.7
4/5/2018,13.5,30.5,22,1.2
4/6/2018,13.5,30.5,22,0
4/7/2018,13.5,30.5,22,0
4/8/2018,14,30.5,22.25,1.8
4/9/2018,13.5,27.5,20.5,0
4/10/2018,14.5,27.5,21,3.5
4/11/2018,13.5,23.5,18.5,0
4/12/2018,13.5,24.5,19,4.8
4/13/2018,13.5,27.5,20.5,0.4
4/14/2018,13.5,27,20.25,2
4/15/2018,13.5,31,22.25,0
4/16/2018,10.5,31.5,21,16.6
4/17/2018,10.5,31,20.75,2.6
4/18/2018,13,30.5,21.75,0.4
4/19/2018,13,27.5,20.25,2.4
4/20/2018,14,29.5,21.75,5.6
4/21/2018,15,30.5,22.75,0.8
4/22/2018,15.5,30.5,23,0.4
4/23/2018,16.5,27.5,22,0.2
4/24/2018,13,30.5,21.75,0
4/25/2018,13,25,19,0
4/26/2018,13,30.5,21.75,28.8
4/27/2018,10.5,30,20.25,0
4/28/2018,13,30.5,21.75,2.5
4/29/2018,13.5,28.5,21,4.8
4/30/2018,13.5,28,20.75,2.6
5/1/2018,13.5,30.5,22,3
5/2/2018,13.5,30.5,22,1.4
5/3/2018,13.5,31.5,22.5,2.6
5/4/2018,14,25,19.5,0.2
5/5/2018,14,31,22.5,0.2
5/6/2018,16.5,30.5,23.5,6
5/7/2018,14.5,30.5,22.5,0.8
5/8/2018,14.5,30.5,22.5,0.2
5/9/2018,16.5,29,22.75,0
5/10/2018,13.5,30,21.75,16.2
5/11/2018,13,26.5,19.75,0.4
5/12/2018,11.5,31.5,21.5,0
5/13/2018,11.5,31,21.25,0
5/14/2018,15.5,27.5,21.5,0
5/15/2018,16.5,29.5,23,0.3
5/16/2018,14,27.5,20.75,0
5/17/2018,16.5,27,21.75,0.4
5/18/2018,16.5,29,22.75,0
5/19/2018,16.5,29,22.75,0
5/20/2018,16.5,33.5,25,0
5/21/2018,19.5,34.5,27,0
5/22/2018,19.5,32,25.75,1.6
5/23/2018,19.5,30.5,25,0.8
5/24/2018,19,29,24,1.8
5/25/2018,18.5,32,25.25,0.6
5/26/2018,19.5,31,25.25,0.4
5/27/2018,17.5,28,22.75,2.4
5/28/2018,17,33.5,25.25,18
5/29/2018,16,28,22,0.4
5/30/2018,16,33.5,24.75,0.6
5/31/2018,16.5,33.5,25,2
6/1/2018,16.5,31.5,24,2.2
6/2/2018,17.5,33.5,25.5,0.1
6/3/2018,17.5,34,25.75,4.8
6/4/2018,17.5,32,24.75,0
6/5/2018,18.5,37.5,28,0.4
6/6/2018,17.5,36.5,27,0.1
6/7/2018,19.5,36.5,28,4.6
6/8/2018,19.5,34,26.75,0.2
6/9/2018,20,35,27.5,0
6/10/2018,19.5,38.5,29,0
6/11/2018,19.5,36.5,28,0.2
6/12/2018,20.5,35,27.75,5.2
6/13/2018,20,34.5,27.25,18.6
6/14/2018,19.5,34.5,27,1
6/15/2018,19.5,34.5,27,6.8
6/16/2018,19.5,34.5,27,4.2
6/17/2018,19.5,33,26.25,1
6/18/2018,19.5,33.5,26.5,0
6/19/2018,19.5,34,26.75,0
6/20/2018,18.5,33.5,26,0
6/21/2018,NA,NA,0,NA
6/22/2018,NA,NA,0,NA
6/23/2018,19.5,34.5,27,12
6/24/2018,19.5,34.5,27,4.2
6/25/2018,20,35.5,27.75,2.9
6/26/2018,20,35,27.5,14.6
6/27/2018,20,34.5,27.25,7.9
6/28/2018,19.5,33.5,26.5,1.8
6/29/2018,19.5,28.5,24,0
6/30/2018,19.5,33.5,26.5,1.2
7/1/2018,19.5,33.5,26.5,0.1
7/2/2018,19.5,33.5,26.5,2
7/3/2018,19.5,34.5,27,14.2
7/4/2018,19.5,35,27.25,1.1
7/5/2018,20,34.5,27.25,0
7/6/2018,20.5,36,28.25,0
7/7/2018,21,36,28.5,1
7/8/2018,21,36,28.5,4.2
7/9/2018,20,34.5,27.25,0
7/10/2018,20.5,36.5,28.5,1
7/11/2018,20.5,36.5,28.5,2.8
7/12/2018,20.5,34.5,27.5,12.4
7/13/2018,20,33,26.5,0
7/14/2018,20.5,38,29.25,0
7/15/2018,20.5,37.5,29,0
7/16/2018,20.5,37.5,29,0
7/17/2018,20,37.5,28.75,0
7/18/2018,19.5,39,29.25,0
7/19/2018,20.5,39.5,30,0
7/20/2018,20.5,40,30.25,0
7/21/2018,21.5,36.5,29,3
7/22/2018,20.5,36.5,28.5,4
7/23/2018,20,36.5,28.25,9.1
7/24/2018,20.5,34.5,27.5,1
7/25/2018,20.5,36,28.25,5
7/26/2018,20.5,35.5,28,6.2
7/27/2018,19.5,36.5,28,0
7/28/2018,20,35.5,27.75,0
7/29/2018,20,37.5,28.75,0
7/30/2018,20,35.5,27.75,5.7
7/31/2018,20,30.5,25.25,7.2
8/1/2018,19.5,33.5,26.5,5.2
8/2/2018,19.5,33.5,26.5,0.4
8/3/2018,19.5,34.5,27,4.5
8/4/2018,19.5,35,27.25,1.7
8/5/2018,20,34.5,27.25,21.2
8/6/2018,20.5,36,28.25,1.2
8/7/2018,21,36,28.5,0
8/8/2018,21,36,28.5,0
8/9/2018,20,34.5,27.25,0.4
8/10/2018,20.5,36.5,28.5,1
8/11/2018,20,31.5,25.75,2.3
8/12/2018,20,30.5,25.25,28
8/13/2018,19.5,31.5,25.5,1
8/14/2018,20,37,28.5,7.6
8/15/2018,19.5,34.5,27,1
8/16/2018,19.5,37,28.25,10.5
8/17/2018,19.5,36,27.75,4.6
8/18/2018,20.5,37,28.75,0.4
8/19/2018,19.5,36.5,28,0
8/20/2018,19.5,36.5,28,0
8/21/2018,20.5,33.5,27,2.1
8/22/2018,20.5,34.5,27.5,5.2
8/23/2018,20,34,27,1
8/24/2018,20.5,34.5,27.5,1.2
8/25/2018,19.5,35,27.25,1.8
8/26/2018,20.5,34.5,27.5,0
8/27/2018,20.5,35,27.75,2.9
8/28/2018,20.5,34,27.25,1.5
8/29/2018,20,34.5,27.25,1.4
8/30/2018,20,35,27.5,0
8/31/2018,19.5,NA,9.75,0
9/1/2018,20,34.5,27.25,8.4
9/2/2018,19.5,34.5,27,0.6
9/3/2018,19.5,34.5,27,1.4
9/4/2018,20,34.5,27.25,0.8
9/5/2018,20,35,27.5,0
9/6/2018,20.5,35,27.75,0
9/7/2018,19.5,34.5,27,0
9/8/2018,20,34.5,27.25,0
9/9/2018,20,33.5,26.75,45.6
9/10/2018,19.5,27.5,23.5,2.6
9/11/2018,19.5,25.5,22.5,3.8
9/12/2018,17.5,30.5,24,2.7
9/13/2018,19,27.5,23.25,2.5
9/14/2018,19.5,28,23.75,3.6
9/15/2018,18.5,27.5,23,0.2
9/16/2018,19.5,33.5,26.5,0
9/17/2018,16.5,34,25.25,0
9/18/2018,18.5,33.5,26,0
9/19/2018,17,33.5,25.25,0
9/20/2018,16.5,34,25.25,7.8
9/21/2018,16.5,33.5,25,1.3
9/22/2018,16.5,31.5,24,0
9/23/2018,19.5,33.5,26.5,0
9/24/2018,19.5,33.5,26.5,0
9/25/2018,19.5,28.5,24,0
9/26/2018,19.5,30.5,25,0
9/27/2018,18.5,31.5,25,2.1
9/28/2018,19.5,31.5,25.5,0
9/29/2018,19.5,33.5,26.5,0
9/30/2018,19.5,34.5,27,0.6
10/1/2018,19.8,31.5,25.65,0.7
10/2/2018,18,31,24.5,0
10/3/2018,16.5,30,23.25,0
10/4/2018,16,30,23,0
10/5/2018,16.5,31,23.75,0
10/6/2018,13.4,31,22.2,0
10/7/2018,14.5,26,20.25,0
10/8/2018,13.5,30.5,22,0.4
10/9/2018,13.5,29,21.25,1.3
10/10/2018,13.5,30.5,22,0
10/11/2018,13,27.5,20.25,4.3
10/12/2018,14.5,22,18.25,0.4
10/13/2018,14.5,30.5,22.5,0
10/14/2018,13,33.5,23.25,0
10/15/2018,13,28.5,20.75,0.6
10/16/2018,13.5,33.5,23.5,0
10/17/2018,13,29.5,21.25,0
10/18/2018,10.5,28,19.25,0
10/19/2018,13.5,28,20.75,0
10/20/2018,12.5,27.5,20,0
10/21/2018,13,28,20.5,0
10/22/2018,10.5,28,19.25,0
10/23/2018,10.5,28.5,19.5,0
10/24/2018,9.5,27.5,18.5,0
10/25/2018,9.5,28,18.75,0
10/26/2018,9.5,28.5,19,0
10/27/2018,9.5,28,18.75,0
10/28/2018,7.5,28.5,18,0
10/29/2018,7.5,28.5,18,0
10/30/2018,9.5,30,19.75,0
10/31/2018,9.5,30,19.75,0
11/1/2018,13.5,29.5,21.5,0
11/2/2018,10,22,16,0.9
11/3/2018,12.5,23.5,18,4.2
11/4/2018,13.5,24.5,19,0
11/5/2018,10,24.5,17.25,0
11/6/2018,10,24.5,17.25,0
11/7/2018,11.5,25.5,18.5,0
11/8/2018,9.5,27,18.25,0
11/9/2018,6.5,25.5,16,0
11/10/2018,7,27,17,0
11/11/2018,6.5,28,17.25,0
11/12/2018,6.5,25.5,16,0
11/13/2018,10.5,24.5,17.5,0
11/14/2018,10,25.5,17.75,0
11/15/2018,10.5,23.5,17,0
11/16/2018,12.5,24.5,18.5,0
11/17/2018,12.5,24.5,18.5,0
11/18/2018,7.5,24.5,16,0
11/19/2018,7.5,24.5,16,0
11/20/2018,9.5,19.5,14.5,0
11/21/2018,9.5,25.5,17.5,0
11/22/2018,6.5,25.5,16,0
11/23/2018,6.5,25,15.75,0
11/24/2018,9.5,24.5,17,0
11/25/2018,6.5,27.5,17,0
11/26/2018,6.5,28,17.25,0
11/27/2018,6.5,27.5,17,0
11/28/2018,6,28,17,0
11/29/2018,6.5,25.5,16,0
11/30/2018,6.5,24.5,15.5,0
12/1/2018,4,23.5,13.75,0
12/2/2018,6.5,23.5,15,0
12/3/2018,8.5,20.5,14.5,0
12/4/2018,10,22,16,0
12/5/2018,9.5,21,15.25,0
12/6/2018,7.5,24.5,16,0
12/7/2018,6.5,22.5,14.5,0
12/8/2018,5,21.5,13.25,0
12/9/2018,6,21.5,13.75,0
12/10/2018,4.5,24,14.25,0
12/11/2018,3.5,23.5,13.5,0
12/12/2018,10,21.5,15.75,0
12/13/2018,2.5,22.5,12.5,0
12/14/2018,2.5,22.5,12.5,0
12/15/2018,2.5,21.5,12,0
12/16/2018,3.5,23.5,13.5,0
12/17/2018,3,19,11,0
12/18/2018,6.5,18.5,12.5,0
12/19/2018,6.5,23,14.75,0
12/20/2018,3.5,21.5,12.5,0
12/21/2018,3.5,19.5,11.5,0
12/22/2018,6.5,21.5,14,0
12/23/2018,4,22.5,13.25,0
12/24/2018,4,22.5,13.25,0
12/25/2018,9.5,21.5,15.5,0
12/26/2018,9.5,21.5,15.5,0
12/27/2018,8,21,14.5,0
12/28/2018,3.5,19,11.25,0
12/29/2018,2.5,20.5,11.5,0
12/30/2018,0.5,21.5,11,0
12/31/2018,2.5,21.5,12,0
1/1/2019,2.5,21.5,12,0
1/2/2019,1.5,21.5,11.5,0
1/3/2019,3,21,12,0
1/4/2019,4.5,20,12.25,0
1/5/2019,3,21.5,12.25,0
1/6/2019,2.5,21.5,12,0
1/7/2019,3,23.5,13.25,0
1/8/2019,2.5,23.5,13,0
1/9/2019,3,23.5,13.25,0.1
1/10/2019,3.5,21.5,12.5,0
1/11/2019,6.5,21.5,14,0
1/12/2019,3.5,22,12.75,0
1/13/2019,4.5,21.5,13,0
1/14/2019,3,21,12,0
1/15/2019,6,22,14,0
1/16/2019,3.5,22.5,13,0
1/17/2019,3,23.5,13.25,0
1/18/2019,3,23.5,13.25,0
1/19/2019,3,22,12.5,0
1/20/2019,6.5,23.5,15,0
1/21/2019,4,23.5,13.75,0
1/22/2019,4,24,14,0
1/23/2019,4.5,24,14.25,0
1/24/2019,4,23,13.5,0
1/25/2019,6.5,24.5,15.5,0
1/26/2019,7.5,24,15.75,0
1/27/2019,7.5,24.5,16,0
1/28/2019,6.5,25,15.75,0.2
1/29/2019,3.5,18.5,11,0
1/30/2019,3,21.5,12.25,0
1/31/2019,3,24,13.5,0
2/1/2019,4.5,22,13.25,0
2/2/2019,3.5,24,13.75,0
2/3/2019,3.5,21.5,12.5,0
2/4/2019,6.5,24,15.25,0
2/5/2019,6,21.5,13.75,0
2/6/2019,6.5,24.5,15.5,0
2/7/2019,6.5,24.5,15.5,0
2/8/2019,6.5,20.5,13.5,0.8
2/9/2019,9.5,18.5,14,3.6
2/10/2019,6,23.5,14.75,0
2/11/2019,6.5,23.5,15,0
2/12/2019,6,25.5,15.75,0
2/13/2019,6.5,26.5,16.5,0
2/14/2019,7,28,17.5,0
2/15/2019,7.5,27,17.25,0
2/16/2019,9.5,27.5,18.5,1.9
2/17/2019,7,21.5,14.25,0.2
2/18/2019,7,18.5,12.75,0.5
2/19/2019,7,21.5,14.25,0.3
2/20/2019,7.5,24.5,16,0.5
2/21/2019,7.5,23.5,15.5,0
2/22/2019,10,24.5,17.25,0
2/23/2019,10,22,16,0
2/24/2019,9.5,22.5,16,0.4
2/25/2019,8.5,25.5,17,0
2/26/2019,6.5,24.5,15.5,0
2/27/2019,9.5,19.5,14.5,0.4
2/28/2019,6.5,18,12.25,1.8
3/1/2019,4,23,13.5,0
3/2/2019,4,25.5,14.75,0
3/3/2019,4,25,14.5,0
3/4/2019,9.5,25.5,17.5,1.3
3/5/2019,9.5,24.5,17,0
3/6/2019,9.5,24.5,17,0
3/7/2019,10,25,17.5,0
3/8/2019,6.5,25.5,16,2
3/9/2019,9.5,24.5,17,0
3/10/2019,9.5,21,15.25,2.2
3/11/2019,10,21.5,15.75,0.6
3/12/2019,10,22.5,16.25,0.4
3/13/2019,10,28.5,19.25,0
3/14/2019,13.5,28.5,21,0
3/15/2019,13,30.5,21.75,0
3/16/2019,11.5,31,21.25,0
3/17/2019,10,30.5,20.25,0
3/18/2019,10,24,17,4.8
3/19/2019,7,27.5,17.25,3.2
3/20/2019,7.5,20.5,14,1.2
3/21/2019,11,20.5,15.75,0.2
3/22/2019,11,26.5,18.75,0.6
3/23/2019,11.5,27,19.25,2.9
3/24/2019,9.5,29.5,19.5,0
3/25/2019,10,25.5,17.75,0
3/26/2019,13.5,26.5,20,3.6
3/27/2019,9.5,26.5,18,0
3/28/2019,9.5,31.5,20.5,0
3/29/2019,10,31.5,20.75,0
3/30/2019,10,25,17.5,0
3/31/2019,13.5,25,19.25,0.6
4/1/2019,12.5,21.5,17,1.8
4/2/2019,11.5,27.5,19.5,1.5
4/3/2019,7,27.5,17.25,0
4/4/2019,13,25,19,0
4/5/2019,13.5,31,22.25,5.4
4/6/2019,14,31.5,22.75,4.2
4/7/2019,11,20.5,15.75,1.5
4/8/2019,12.5,30.5,21.5,17.6
4/9/2019,13,30.5,21.75,6.3
4/10/2019,10.5,28.5,19.5,0
4/11/2019,12,31.5,21.75,0
4/12/2019,13.5,33.5,23.5,0
4/13/2019,13.5,33.5,23.5,0
4/14/2019,13.5,33.5,23.5,3
4/15/2019,13.5,33.5,23.5,12.8
4/16/2019,13.5,33.5,23.5,27.3
4/17/2019,13.5,21,17.25,1
4/18/2019,14,31.5,22.75,0.8
4/19/2019,14,31,22.5,0
4/20/2019,14,29.5,21.75,0
4/21/2019,12.5,31,21.75,7.5
4/22/2019,10,31,20.5,2.4
4/23/2019,10,30.5,20.25,0
4/24/2019,13.5,34,23.75,0
4/25/2019,13.5,34.5,24,0
4/26/2019,13.5,34.5,24,0
4/27/2019,17.5,31.5,24.5,0.1
4/28/2019,17.5,31,24.25,23.5
4/29/2019,16.5,31.5,24,35.2
4/30/2019,13.5,NA,6.75,11.6
5/1/2019,16.5,28.5,22.5,0.2
5/2/2019,17.5,31.5,24.5,0.8
5/3/2019,17.5,23.5,20.5,12.2
5/4/2019,16,18.5,17.25,14.8
5/5/2019,16.5,30.5,23.5,0.1
5/6/2019,17,31.5,24.25,0.1
5/7/2019,16,31,23.5,0
5/8/2019,17,30.5,23.75,0
5/9/2019,17,31.5,24.25,0
5/10/2019,17.5,31.5,24.5,0
5/11/2019,20,32,26,0
5/12/2019,17,31.5,24.25,1.8
5/13/2019,16.5,31.5,24,1.3
5/14/2019,17.5,28.5,23,3.4
5/15/2019,16.5,28.5,22.5,10.1
5/16/2019,16.5,30.5,23.5,0.8
5/17/2019,16.5,31,23.75,1.7
5/18/2019,17,31.5,24.25,0.2
5/19/2019,17,31.5,24.25,2.7
5/20/2019,16.5,33.5,25,31
5/21/2019,16.5,31.5,24,1.3
5/22/2019,16.5,31.5,24,9.9
5/23/2019,16.5,26.5,21.5,7.2
5/24/2019,16.5,31,23.75,0.2
5/25/2019,17.5,31.5,24.5,0.4
5/26/2019,17.5,31,24.25,3.2
5/27/2019,17,31,24,17
5/28/2019,17,31.5,24.25,3
5/29/2019,17,28.5,22.75,7
5/30/2019,16.5,21.5,19,1
5/31/2019,15,28.5,21.75,0
6/1/2019,15,33.5,24.25,0
6/2/2019,16.5,33.5,25,0.3
6/3/2019,17,33,25,0
6/4/2019,16.5,33.5,25,0
6/5/2019,17,33,25,1.2
6/6/2019,19.5,34.5,27,1.6
6/7/2019,19.5,34.5,27,1.6
6/8/2019,20,34.5,27.25,0.2
6/9/2019,19.5,34.5,27,0.1
6/10/2019,19.5,33,26.25,0
6/11/2019,19.5,29,24.25,0
6/12/2019,19.5,36.5,28,0
6/13/2019,19.5,37.5,28.5,0
6/14/2019,20,38.5,29.25,0
6/15/2019,20,35,27.5,0.1
6/16/2019,20,35,27.5,0.1
6/17/2019,20,35,27.5,0.4
6/18/2019,20,33,26.5,0
6/19/2019,19.5,35,27.25,0.2
6/20/2019,20,34.5,27.25,0.2
6/21/2019,20,36.5,28.25,0.2
6/22/2019,20,36.5,28.25,1.6
6/23/2019,20,36,28,0
6/24/2019,21.5,36,28.75,0
6/25/2019,21,37,29,10
6/26/2019,20,24.5,22.25,17.6
6/27/2019,19.5,27,23.25,0.3
6/28/2019,20.5,33,26.75,0.2
6/29/2019,21,31,26,0
6/30/2019,21,34.5,27.75,0
7/1/2019,20,34.5,27.25,0.2
7/2/2019,21.5,34,27.75,0
7/3/2019,22,34.5,28.25,13.7
7/4/2019,21.5,32.5,27,2.5
7/5/2019,21,33.5,27.25,2.5
7/6/2019,21.5,33,27.25,12.9
7/7/2019,21.5,32,26.75,28.6
7/8/2019,20.5,23,21.75,8.4
7/9/2019,20,28.5,24.25,9
7/10/2019,20.5,27.5,24,8.2
7/11/2019,20.5,25,22.75,3.6
7/12/2019,20.5,25.5,23,2.2
7/13/2019,20,26.5,23.25,18.8
7/14/2019,18,23.5,20.75,4.2
7/15/2019,18,25,21.5,6.1
7/16/2019,18,26,22,0.2
7/17/2019,18,32,25,0.1
7/18/2019,21,31.5,26.25,0
7/19/2019,21.5,31.5,26.5,0.2
7/20/2019,20.5,31.5,26,1.8
7/21/2019,21,31.5,26.25,10.6
7/22/2019,20.5,31.5,26,2.7
7/23/2019,20.5,26,23.25,3.6
7/24/2019,20.5,30,25.25,26.6
7/25/2019,19.5,32,25.75,10.8
7/26/2019,20,32,26,1.4
7/27/2019,20,31.5,25.75,1.5
7/28/2019,19.5,33.5,26.5,0.2
7/29/2019,21,32.5,26.75,2
7/30/2019,20,32.5,26.25,11.6
7/31/2019,20,31,25.5,5.6
8/1/2019,20,NA,10,5.7
8/2/2019,20.5,31,25.75,0.7
8/3/2019,21,34,27.5,1.2
8/4/2019,21,33.5,27.25,1.3
8/5/2019,20.5,34,27.25,2.1
8/6/2019,21,35,28,0.5
8/7/2019,22,33.5,27.75,6.1
8/8/2019,20.5,31,25.75,0.3
8/9/2019,20,34.5,27.25,0.4
8/10/2019,21.5,34.5,28,2.7
8/11/2019,19.5,35,27.25,0.4
8/12/2019,20,34.5,27.25,2.5
8/13/2019,20,32.5,26.25,11
8/14/2019,20,32.5,26.25,7
8/15/2019,20.5,32,26.25,1
8/16/2019,20.5,31,25.75,0.6
8/17/2019,21,33.5,27.25,0.2
8/18/2019,21,33,27,0
8/19/2019,20.5,33,26.75,0
8/20/2019,20,33.5,26.75,0
8/21/2019,20,32.5,26.25,0
8/22/2019,20,33,26.5,0
8/23/2019,20.5,33,26.75,1.4
8/24/2019,20.5,30.5,25.5,2.8
8/25/2019,20,34,27,0
8/26/2019,20,34,27,0.6
8/27/2019,20,33.5,26.75,0.2
8/28/2019,20,30.5,25.25,3.6
8/29/2019,19,33.5,26.25,0
8/30/2019,20,34,27,13.9
8/31/2019,20,30.5,25.25,0
9/1/2019,18.5,35,26.75,0
9/2/2019,19,34,26.5,13.3
9/3/2019,20,34,27,5.8
9/4/2019,20,30.5,25.25,2.8
9/5/2019,20,30.5,25.25,10.6
9/6/2019,20,31,25.5,2.5
9/7/2019,20,33,26.5,0.2
9/8/2019,21,33,27,1.2
9/9/2019,20.5,33,26.75,0.8
9/10/2019,20.5,33,26.75,1.7
9/11/2019,20.5,33.5,27,0
9/12/2019,20.5,30.5,25.5,5
9/13/2019,20.5,30,25.25,9
9/14/2019,20,30.5,25.25,0.2
9/15/2019,20,29,24.5,0.4
9/16/2019,20,26.5,23.25,0.5
9/17/2019,19.5,26.5,23,2.3
9/18/2019,20,28,24,1.2
9/19/2019,20,28,24,17.8
9/20/2019,20,28,24,16.8
9/21/2019,17.5,27,22.25,3.8
9/22/2019,17.5,28,22.75,4.3
9/23/2019,20,25.5,22.75,8.6
9/24/2019,17,26,21.5,9.2
9/25/2019,17,27.5,22.25,0.7
9/26/2019,17.5,30,23.75,2.4
9/27/2019,18.5,27.5,23,1.8
9/28/2019,16.5,22.5,19.5,17.3
9/29/2019,16.5,24.5,20.5,3.7
9/30/2019,16.5,24,20.25,0.5
10/1/2019,16.5,28,22.25,0.2
10/2/2019,17,30,23.5,0
10/3/2019,18,28,23,0
10/4/2019,17,28,22.5,0
10/5/2019,20,30,25,0
10/6/2019,18,31,24.5,0
10/7/2019,16.5,29,22.75,1.8
10/8/2019,17.5,22,19.75,1.7
10/9/2019,16.5,24,20.25,0
10/10/2019,17,28.5,22.75,0
10/11/2019,16.5,28,22.25,3
10/12/2019,17,28,22.5,0
10/13/2019,17,28,22.5,2.6
10/14/2019,16.5,28,22.25,0.2
10/15/2019,13.5,28,20.75,0
10/16/2019,13,27.5,20.25,0
10/17/2019,13,28,20.5,0
10/18/2019,13.5,28,20.75,0
10/19/2019,16.5,27.5,22,0
10/20/2019,16.5,27.5,22,1.2
10/21/2019,17,21,19,0
10/22/2019,16,27.5,21.75,0.9
10/23/2019,14.5,24.5,19.5,0
10/24/2019,13.5,21,17.25,0.4
10/25/2019,13.5,20,16.75,2.3
10/26/2019,13,26,19.5,0
10/27/2019,16,24.5,20.25,0
10/28/2019,16,27,21.5,0
10/29/2019,16,27,21.5,0
10/30/2019,10.5,27,18.75,0.8
10/31/2019,11.5,27,19.25,0.2
11/1/2019,13.5,27,20.25,0
11/2/2019,11,27.5,19.25,0
11/3/2019,11,27,19,0
11/4/2019,10,25.5,17.75,1.4
11/5/2019,13,25,19,0.2
11/6/2019,14,26.5,20.25,0
11/7/2019,13.5,27.5,20.5,0.2
11/8/2019,13,27,20,0.3
11/9/2019,11.5,26.5,19,0.2
11/10/2019,12,24,18,0.2
11/11/2019,11,26,18.5,0.2
11/12/2019,11,27.5,19.25,0.2
11/13/2019,13.5,27.5,20.5,0.2
11/14/2019,13.5,28,20.75,0.1
11/15/2019,14,27.5,20.75,0.2
11/16/2019,14.5,27.5,21,0.1
11/17/2019,16,26,21,0.1
11/18/2019,14,23.5,18.75,0.1
11/19/2019,13.5,20,16.75,1.1
11/20/2019,13.5,19,16.25,0.2
11/21/2019,13,21,17,0.1
11/22/2019,13,24.5,18.75,0.2
11/23/2019,13.5,19.5,16.5,0.2
11/24/2019,13.5,20,16.75,0.2
11/25/2019,13,24,18.5,0.2
11/26/2019,11,23.5,17.25,0.1
11/27/2019,11,24.5,17.75,0.1
11/28/2019,10,25,17.5,0.1
11/29/2019,10,24.5,17.25,0.1
11/30/2019,10,24.5,17.25,2.5
12/1/2019,10,22,16,0
12/2/2019,10.5,21.5,16,0.2
12/3/2019,9,21.5,15.25,0
12/4/2019,6.5,21.5,14,0
12/5/2019,6.5,23.5,15,0
12/6/2019,4.5,23,13.75,0
12/7/2019,5,23,14,0
12/8/2019,3.5,21.5,12.5,0
12/9/2019,3.5,21.5,12.5,0
12/10/2019,3.5,21,12.25,0
12/11/2019,7.5,15.5,11.5,1.2
12/12/2019,10,22.5,16.25,0
12/13/2019,7,19,13,0.6
12/14/2019,6.5,19,12.75,0
12/15/2019,5,20.5,12.75,0
12/16/2019,4,20.5,12.25,0
12/17/2019,7,20.5,13.75,0
12/18/2019,8,21.5,14.75,0.2
12/19/2019,8,22.5,15.25,0
12/20/2019,8.5,17.5,13,0
12/21/2019,8,17.5,12.75,0
12/22/2019,8.5,18,13.25,0
12/23/2019,8,21.5,14.75,0
12/24/2019,6.5,21.5,14,0
12/25/2019,6.5,21,13.75,0
12/26/2019,5,21,13,0
12/27/2019,4.5,18.5,11.5,0
12/28/2019,3,18.5,10.75,0
12/29/2019,3,20.5,11.75,0
12/30/2019,3,21,12,0
12/31/2019,3,21,12,0
1/1/2020,3,14.5,8.75,0
1/2/2020,6.5,18.5,12.5,0
1/3/2020,6.5,15.5,11,5.2
1/4/2020,6.5,18.5,12.5,1.4
1/5/2020,7,18.5,12.75,0.2
1/6/2020,1.5,18.5,10,0
1/7/2020,3,17.5,10.25,0
1/8/2020,3,20,11.5,0.4
1/9/2020,3,19.5,11.25,0
1/10/2020,6.5,19.5,13,0
1/11/2020,6.5,21,13.75,0
1/12/2020,3,21,12,0
1/13/2020,3.5,21.5,12.5,0
1/14/2020,3.5,21.5,12.5,0
1/15/2020,7,21.5,14.25,0
1/16/2020,8,21.5,14.75,0
1/17/2020,6.5,20.5,13.5,0
1/18/2020,7.5,21,14.25,0
1/19/2020,7,21.5,14.25,1
1/20/2020,4,21.5,12.75,0
1/21/2020,4,21.5,12.75,0
1/22/2020,4.5,18.5,11.5,0
1/23/2020,7.5,18.5,13,0.4
1/24/2020,6.5,18,12.25,0
1/25/2020,2.5,20,11.25,0
1/26/2020,2,20.5,11.25,0
1/27/2020,3,17.5,10.25,0
1/28/2020,7,17,12,0
1/29/2020,3,21,12,0
1/30/2020,7.5,21,14.25,0
1/31/2020,7.5,17,12.25,0.6
2/1/2020,6.5,17.5,12,0
2/2/2020,4,18,11,0
2/3/2020,6.5,21,13.75,0
2/4/2020,3,21.5,12.25,0
2/5/2020,3.5,21.5,12.5,0
2/6/2020,3.5,21.5,12.5,0
2/7/2020,3.5,21.5,12.5,0
2/8/2020,3.5,21,12.25,0
2/9/2020,3.5,20.5,12,0
2/10/2020,3,21,12,0
2/11/2020,7,23.5,15.25,0
2/12/2020,10,24.5,17.25,0
2/13/2020,10.5,22.5,16.5,0
2/14/2020,10.5,16.5,13.5,0
2/15/2020,10.5,21.5,16,0
2/16/2020,10.5,24.5,17.5,0
2/17/2020,10.5,21,15.75,0
2/18/2020,11.5,22,16.75,0
2/19/2020,11.5,21.5,16.5,4.3
2/20/2020,11,21.5,16.25,0
2/21/2020,10,24.5,17.25,0
2/22/2020,10,19.5,14.75,0
2/23/2020,6.5,24.5,15.5,0.8
2/24/2020,7,24.5,15.75,1.5
2/25/2020,6.5,20.5,13.5,8.6
2/26/2020,8,15,11.5,12.2
2/27/2020,7,21.5,14.25,0.1
2/28/2020,6.5,24.5,15.5,0
2/29/2020,6.5,27.5,17,0
3/1/2020,6.5,25,15.75,4.6
3/2/2020,10,25,17.5,6.2
3/3/2020,10.5,21,15.75,0.4
3/4/2020,10,21.5,15.75,2
3/5/2020,10,20,15,0.6
3/6/2020,13,21,17,1.7
3/7/2020,9,21,15,0
3/8/2020,10,24.5,17.25,0
3/9/2020,11.5,25.5,18.5,0.4
3/10/2020,11,25.5,18.25,0.4
3/11/2020,11,23.5,17.25,0
3/12/2020,13,26.5,19.75,0
3/13/2020,13.5,26,19.75,0
3/14/2020,13.5,25.5,19.5,14.5
3/15/2020,10.5,26,18.25,0
3/16/2020,7,27,17,0
3/17/2020,7.5,26.5,17,3.4
3/18/2020,10.5,25,17.75,5
3/19/2020,11.5,25,18.25,6.3
3/20/2020,11,25,18,6.2
3/21/2020,10,23,16.5,5
3/22/2020,10,21.5,15.75,6.3
3/23/2020,11.5,18,14.75,6.2
3/24/2020,7.5,25.5,16.5,0
3/25/2020,7.5,NA,3.75,0
3/26/2020,7.5,28,17.75,0
3/27/2020,14,28,21,1.4
3/28/2020,14,28,21,0
3/29/2020,14.5,29.5,22,0
3/30/2020,14,28,21,0
3/31/2020,14,26.5,20.25,0
4/1/2020,13.5,24,18.75,0
4/2/2020,13.5,23.5,18.5,2.2
4/3/2020,10.5,27,18.75,0
4/4/2020,13.5,25,19.25,0
4/5/2020,11,26.5,18.75,0.4
4/6/2020,11,26,18.5,0
4/7/2020,11,21.5,16.25,2.2
4/8/2020,13,27,20,2
4/9/2020,13,27,20,0.8
4/10/2020,11,27.5,19.25,0
4/11/2020,11,27.5,19.25,1
4/12/2020,13.5,24,18.75,0
4/13/2020,10.5,28,19.25,0
4/14/2020,10.5,31,20.75,0
4/15/2020,10,29.5,19.75,1
4/16/2020,13,29.5,21.25,24.5
4/17/2020,13,29,21,0.3
4/18/2020,15.5,22,18.75,4.9
4/19/2020,13.5,22,17.75,1.3
4/20/2020,13.5,24.5,19,0
4/21/2020,13.5,24.5,19,11.4
4/22/2020,10,19,14.5,0.4
4/23/2020,13.5,24,18.75,7.3
4/24/2020,13,18.5,15.75,10
4/25/2020,13,24,18.5,0.4
4/26/2020,13,28,20.5,1
4/27/2020,14,30,22,18
4/28/2020,13,21,17,2
4/29/2020,14,27,20.5,1.2
4/30/2020,14,28,21,4
5/1/2020,14,28.5,21.25,2.8
5/2/2020,14,28,21,3.4
5/3/2020,14,30,22,0.4
5/4/2020,13.5,28,20.75,0.2
5/5/2020,16.5,28,22.25,1.3
5/6/2020,14.5,28.5,21.5,0.2
5/7/2020,14,28,21,2.6
5/8/2020,13.5,28,20.75,0
5/9/2020,13.5,28.5,21,0
5/10/2020,13,31.5,22.25,0
5/11/2020,15,28,21.5,0
5/12/2020,16.5,28.5,22.5,1
5/13/2020,16.5,23.5,20,1.5
5/14/2020,15,28.5,21.75,1
5/15/2020,15,30,22.5,4.8
5/16/2020,17.5,28.5,23,5
5/17/2020,17,31,24,0
5/18/2020,17,31,24,0.2
5/19/2020,19.5,30.5,25,0.4
5/20/2020,16.5,30.5,23.5,27.4
5/21/2020,16.5,22,19.25,39.6
5/22/2020,16.5,22,19.25,10
5/23/2020,16.5,25.5,21,1.8
5/24/2020,18,24.5,21.25,1.2
5/25/2020,19.5,24.5,22,4.2
5/26/2020,18.5,24.5,21.5,49.6
5/27/2020,16.5,24.5,20.5,2.6
5/28/2020,13,28,20.5,0
5/29/2020,17,31,24,1.8
5/30/2020,15.5,28,21.75,0.7
5/31/2020,16.5,27.5,22,14
6/1/2020,17,28,22.5,0.4
6/2/2020,17.5,31,24.25,0.2
6/3/2020,17.5,27.5,22.5,0
6/4/2020,18.5,28,23.25,3.4
6/5/2020,17.5,26,21.75,1.6
6/6/2020,19.5,28,23.75,0.5
6/7/2020,19.5,32,25.75,0.2
6/8/2020,20,33,26.5,1.5
6/9/2020,20,33,26.5,0.1
6/10/2020,20,33.5,26.75,4.6
6/11/2020,19.5,30,24.75,0.4
6/12/2020,20.5,31.5,26,8
6/13/2020,21.5,31.5,26.5,0
6/14/2020,20.5,32.5,26.5,0
6/15/2020,20,33,26.5,0
6/16/2020,21.5,32.5,27,4.2
6/17/2020,21.5,32.5,27,20
6/18/2020,20,30,25,18.1
6/19/2020,20,30,25,0.2
6/20/2020,20,30.5,25.25,0
6/21/2020,21.5,30.5,26,0
6/22/2020,20,31.5,25.75,13.1
6/23/2020,20,29,24.5,0
6/24/2020,20,29.5,24.75,2
6/25/2020,20,25,22.5,0
6/26/2020,20.5,27,23.75,6.8
6/27/2020,20,27,23.5,0.4
6/28/2020,20.5,31,25.75,0.1
6/29/2020,20.5,31,25.75,0.2
6/30/2020,20.5,31.5,26,0
7/1/2020,20,31,25.5,2.2
7/2/2020,20.5,24.5,22.5,15.1
7/3/2020,20.5,25,22.75,0
7/4/2020,20.5,31,25.75,0
7/5/2020,20.5,33,26.75,0
7/6/2020,20.5,33.5,27,5.5
7/7/2020,21,33.5,27.25,2.4
7/8/2020,21,33.5,27.25,36
7/9/2020,21,33.5,27.25,0.7
7/10/2020,20.5,25,22.75,2.9
7/11/2020,20.5,25.5,23,1.8
7/12/2020,20.5,31.5,26,0.2
7/13/2020,20.5,31.5,26,0
7/14/2020,20.5,33.5,27,7.6
7/15/2020,21,29,25,1.4
7/16/2020,21,29,25,0.1
7/17/2020,20.5,28.5,24.5,0.4
7/18/2020,20.5,28,24.25,4
7/19/2020,20.5,29,24.75,1
7/20/2020,20.5,24,22.25,1.4
7/21/2020,20,23,21.5,0.2
7/22/2020,20,27.5,23.75,2.4
7/23/2020,20.5,25.5,23,1.7
7/24/2020,20.5,32,26.25,0.2
7/25/2020,20.5,33,26.75,3.2
7/26/2020,20.5,24.5,22.5,2.8
7/27/2020,20.5,32.5,26.5,0
7/28/2020,21,33,27,8.2
7/29/2020,21,32.5,26.75,6.3
7/30/2020,20.5,32.5,26.5,3.2
7/31/2020,20,27.5,23.75,0.2
8/1/2020,20.5,32,26.25,0
8/2/2020,20.5,36,28.25,0
8/3/2020,22.5,37,29.75,0.3
8/4/2020,20.5,36.5,28.5,0.2
8/5/2020,21,34.5,27.75,5.4
8/6/2020,21,36.5,28.75,0.2
8/7/2020,21.5,34.5,28,8.4
8/8/2020,23,34.5,28.75,7.8
8/9/2020,21.5,29,25.25,1.8
8/10/2020,20.5,29.5,25,0.4
8/11/2020,20.5,28.5,24.5,1.2
8/12/2020,20.5,31,25.75,0.8
8/13/2020,21,33,27,5.6
8/14/2020,20.5,32,26.25,5.5
8/15/2020,20.5,31.5,26,0.4
8/16/2020,20.5,34.5,27.5,7.6
8/17/2020,21,31,26,1
8/18/2020,21.5,31.5,26.5,1.3
8/19/2020,20.5,33,26.75,2.2
8/20/2020,20,31,25.5,2.2
8/21/2020,20.5,31.5,26,0.4
8/22/2020,20.5,33.5,27,3.2
8/23/2020,20.5,33.5,27,0.2
8/24/2020,20.5,34,27.25,3.5
8/25/2020,20,34,27,0.2
8/26/2020,20.5,34.5,27.5,1.6
8/27/2020,20,34.5,27.25,0.2
8/28/2020,20,34,27,0.1
8/29/2020,20,31,25.5,0.2
8/30/2020,20.5,32.5,26.5,0
8/31/2020,20.5,34,27.25,28.4
9/1/2020,20.5,32.5,26.5,26.6
9/2/2020,19.5,33.5,26.5,1
9/3/2020,21,33.5,27.25,0.2
9/4/2020,21,33.5,27.25,0.8
9/5/2020,20.5,28.5,24.5,4.2
9/6/2020,20.5,28,24.25,5.6
9/7/2020,20.5,28,24.25,0.2
9/8/2020,19.5,31,25.25,0
9/9/2020,20.5,33.5,27,0.2
9/10/2020,20.5,34,27.25,1.2
9/11/2020,21,33.5,27.25,1
9/12/2020,21,32,26.5,0.4
9/13/2020,20.5,28,24.25,0
9/14/2020,20.5,29,24.75,0
9/15/2020,20,28,24,0.2
9/16/2020,20,28,24,0.2
9/17/2020,20,28,24,0.1
9/18/2020,20.5,28.5,24.5,0
9/19/2020,18,34.5,26.25,2.6
9/20/2020,19.5,34.5,27,0
9/21/2020,20,32,26,3.8
9/22/2020,20,28.5,24.25,12.2
9/23/2020,20,24,22,8.2
9/24/2020,20,28.5,24.25,2.6
9/25/2020,20,28,24,12.4
9/26/2020,20,26,23,1.6
9/27/2020,19.5,24.5,22,1
9/28/2020,16.5,31.5,24,0
9/29/2020,16.5,30,23.25,0
9/30/2020,18,31,24.5,0
10/1/2020,19.5,31,25.25,0.2
10/2/2020,18.5,30,24.25,2
10/3/2020,19.5,31,25.25,6
10/4/2020,19.5,31,25.25,0.4
10/5/2020,20,30.5,25.25,1.8
10/6/2020,19.5,30.5,25,0.4
10/7/2020,19.5,30.5,25,0
10/8/2020,19.5,32,25.75,0
10/9/2020,18,32,25,0.5
10/10/2020,16.5,31.5,24,0
10/11/2020,16.5,31.5,24,0
10/12/2020,17.5,31.5,24.5,0
10/13/2020,16.5,31.5,24,0
10/14/2020,16.5,31,23.75,0
10/15/2020,14.5,30,22.25,0
10/16/2020,16.5,32,24.25,0
10/17/2020,17,31.5,24.25,1
10/18/2020,16.5,32,24.25,0
10/19/2020,17,27.5,22.25,0
10/20/2020,16,31,23.5,0
10/21/2020,15,29.5,22.25,0
10/22/2020,13.5,28.5,21,0.8
10/23/2020,16.5,28,22.25,0.3
10/24/2020,16.5,28,22.25,0.2
10/25/2020,18,24.5,21.25,2.2
10/26/2020,17,24.5,20.75,0.2
10/27/2020,14,28,21,0
10/28/2020,13,29.5,21.25,0
10/29/2020,10,29.5,19.75,0
10/30/2020,10,30,20,0
10/31/2020,10,31,20.5,0
11/1/2020,13,31.5,22.25,0
11/2/2020,13,28.5,20.75,0
11/3/2020,16.5,27.5,22,0
11/4/2020,16.5,28.5,22.5,0
11/5/2020,11.5,27.5,19.5,0
11/6/2020,8.5,28,18.25,0
11/7/2020,7.5,26,16.75,0
11/8/2020,7,26.5,16.75,0
11/9/2020,7.5,27,17.25,0
11/10/2020,7.5,28,17.75,0
11/11/2020,7,28,17.5,0
11/12/2020,7,28,17.5,0
11/13/2020,7,28,17.5,0
11/14/2020,6.5,28,17.25,0
11/15/2020,6.5,28,17.25,0
11/16/2020,9.5,27.5,18.5,0
11/17/2020,7,25,16,0
11/18/2020,11,21,16,0.2
11/19/2020,11,20.5,15.75,2.6
11/20/2020,10.5,21.5,16,0
11/21/2020,9.5,22,15.75,0
11/22/2020,7,20.5,13.75,0
11/23/2020,7.5,21.5,14.5,0
11/24/2020,6.5,23.5,15,0
11/25/2020,6.5,24.5,15.5,0
11/26/2020,6.5,24.5,15.5,0
11/27/2020,6.5,19,12.75,0
11/28/2020,7.5,24.5,16,0
11/29/2020,7,26.5,16.75,0
11/30/2020,7,26.5,16.75,0
12/1/2020,6.5,24.5,15.5,0
12/2/2020,10,22,16,0
12/3/2020,11,22.5,16.75,0
12/4/2020,10,24.5,17.25,0.2
12/5/2020,10,24.5,17.25,1.6
12/6/2020,9.5,21.5,15.5,1.2
12/7/2020,10,21.5,15.75,0
12/8/2020,10,22,16,0
12/9/2020,10,20.5,15.25,0
12/10/2020,10,18.5,14.25,0
12/11/2020,10.5,19,14.75,0
12/12/2020,9.5,22,15.75,0
12/13/2020,10,22.5,16.25,0
12/14/2020,9.5,21.5,15.5,0
12/15/2020,9.5,22,15.75,0
12/16/2020,10,21.5,15.75,0
12/17/2020,9.5,20.5,15,0
12/18/2020,9.5,17.5,13.5,0
12/19/2020,7,19,13,0
12/20/2020,7.5,21,14.25,0
12/21/2020,6,21.5,13.75,0
12/22/2020,6,21,13.5,0
12/23/2020,6.5,21.5,14,0
12/24/2020,3.5,22,12.75,0
12/25/2020,3.5,20,11.75,0
12/26/2020,7,21.5,14.25,0
12/27/2020,3.5,21.5,12.5,0
12/28/2020,6,21.5,13.75,0
12/29/2020,6,21,13.5,0
12/30/2020,7,22,14.5,0
12/31/2020,3.5,21.5,12.5,0
