Date,Tmin,Tmax,Tmean,Rainfall
1/4/2015,12.22,21.18,15.49,0
1/5/2015,NA,NA,NA,0
1/6/2015,16.3,25.55,20.14,5.6
1/7/2015,NA,NA,NA,0
1/8/2015,NA,NA,NA,0
1/9/2015,NA,NA,NA,0
1/10/2015,NA,NA,NA,0
1/11/2015,NA,NA,NA,0
1/12/2015,NA,NA,NA,0
1/13/2015,NA,NA,NA,0
1/14/2015,NA,NA,NA,0
1/15/2015,NA,NA,NA,0
1/16/2015,NA,NA,NA,0
1/17/2015,NA,NA,NA,0
1/18/2015,NA,NA,NA,0
1/19/2015,NA,NA,NA,0
1/20/2015,NA,NA,NA,0
1/21/2015,NA,NA,NA,0
1/22/2015,NA,NA,NA,0
1/23/2015,NA,NA,NA,0
1/24/2015,NA,NA,NA,0
1/25/2015,NA,NA,NA,0
1/26/2015,NA,NA,NA,0
1/27/2015,NA,NA,NA,0
1/28/2015,NA,NA,NA,0
1/29/2015,NA,NA,NA,0
1/30/2015,NA,NA,NA,0
1/31/2015,NA,NA,NA,0
2/1/2015,NA,NA,NA,0
2/2/2015,NA,NA,NA,0
2/3/2015,NA,NA,NA,0
2/4/2015,11.18,14.53,12.61,2
2/5/2015,NA,NA,NA,0
2/6/2015,16.8,25.96,20.74,3.2
2/7/2015,NA,NA,NA,0
2/8/2015,NA,NA,NA,0
2/9/2015,NA,NA,NA,0
2/10/2015,NA,NA,NA,0
2/11/2015,NA,NA,NA,0
2/12/2015,NA,NA,NA,0
2/13/2015,NA,NA,NA,0
2/14/2015,NA,NA,NA,0
2/15/2015,NA,NA,NA,0
2/16/2015,NA,NA,NA,0
2/17/2015,NA,NA,NA,0
2/18/2015,NA,NA,NA,0
2/19/2015,NA,NA,NA,0
2/20/2015,NA,NA,NA,0
2/21/2015,NA,NA,NA,0
2/22/2015,NA,NA,NA,0
2/23/2015,NA,NA,NA,0
2/24/2015,NA,NA,NA,0
2/25/2015,NA,NA,NA,0
2/26/2015,NA,NA,NA,0
2/27/2015,NA,NA,NA,0
2/28/2015,NA,NA,NA,0
3/1/2015,NA,NA,NA,0
3/2/2015,NA,NA,NA,0
3/3/2015,NA,NA,NA,0
3/4/2015,10.2,22.75,15.56,0
3/5/2015,NA,NA,NA,0
3/6/2015,18.13,26.35,21.26,0.2
3/7/2015,NA,NA,NA,0
3/8/2015,NA,NA,NA,0
3/9/2015,NA,NA,NA,0
3/10/2015,NA,NA,NA,0
3/11/2015,NA,NA,NA,0
3/12/2015,NA,NA,NA,0
3/13/2015,NA,NA,NA,0
3/14/2015,NA,NA,NA,0
3/15/2015,NA,NA,NA,0
3/16/2015,NA,NA,NA,0
3/17/2015,NA,NA,NA,0
3/18/2015,NA,NA,NA,0
3/19/2015,NA,NA,NA,0
3/20/2015,NA,NA,NA,0
3/21/2015,NA,NA,NA,0
3/22/2015,NA,NA,NA,0
3/23/2015,NA,NA,NA,0
3/24/2015,NA,NA,NA,0
3/25/2015,NA,NA,NA,0
3/26/2015,NA,NA,NA,0
3/27/2015,15.34,21.41,17.26,0
3/28/2015,12.61,22.35,16.38,0.4
3/29/2015,13.62,24.7,18.02,0
3/30/2015,13.86,22.78,17.44,0.8
3/31/2015,11.22,21.92,14.84,22.8
4/1/2015,NA,NA,NA,0
4/2/2015,NA,NA,NA,0
4/3/2015,NA,NA,NA,0
4/4/2015,11.71,23.67,16.31,11.6
4/5/2015,NA,NA,NA,0
4/6/2015,18.2,26.55,21.49,0
4/7/2015,NA,NA,NA,0
4/8/2015,NA,NA,NA,0
4/9/2015,NA,NA,NA,0
4/10/2015,NA,NA,NA,0
4/11/2015,NA,NA,NA,0
4/12/2015,NA,NA,NA,0
4/13/2015,12.85,17.84,15.15,0.4
4/14/2015,12.07,25.26,17.83,0
4/15/2015,13.79,26.11,19.49,0
4/16/2015,14.58,26.5,18.78,0.4
4/17/2015,11.81,25.72,17.53,10.8
4/18/2015,10.57,18.72,12.54,23.2
4/19/2015,10.35,22.85,16.1,0
4/20/2015,12.85,14.98,13.91,0
4/21/2015,NA,NA,NA,0
4/22/2015,NA,NA,NA,0
4/23/2015,NA,NA,NA,0
4/24/2015,NA,NA,NA,0
4/25/2015,NA,NA,NA,0
4/26/2015,NA,NA,NA,0
4/27/2015,NA,NA,NA,0
4/28/2015,NA,NA,NA,0
4/29/2015,NA,NA,NA,0
4/30/2015,NA,NA,NA,0
5/1/2015,NA,NA,NA,0
5/2/2015,NA,NA,NA,0
5/3/2015,NA,NA,NA,0
5/4/2015,10.3,21.8,15.29,4.2
5/5/2015,NA,NA,NA,0
5/6/2015,18.63,25.94,20.98,0
5/7/2015,NA,NA,NA,0
5/8/2015,NA,NA,NA,0
5/9/2015,NA,NA,NA,0
5/10/2015,NA,NA,NA,0
5/11/2015,NA,NA,NA,0
5/12/2015,NA,NA,NA,0
5/13/2015,15.61,25.53,19.27,0
5/14/2015,16.73,25.38,19.9,0
5/15/2015,17.34,23.14,19.2,0
5/16/2015,16.18,25.21,19.66,4.6
5/17/2015,16.01,24.36,19.09,7.2
5/18/2015,15.72,24.87,19.35,5.8
5/19/2015,16.08,25.48,20.14,0.6
5/20/2015,17.61,27.75,21.59,0
5/21/2015,18.08,27.58,21.46,0
5/22/2015,17.53,26.52,20.38,0
5/23/2015,16.08,23.3,18.21,4.6
5/24/2015,15.34,24.36,18.92,5.8
5/25/2015,15.7,25.19,19.11,10.8
5/26/2015,15.72,20.72,17.91,9.2
5/27/2015,14.98,24.2,18.19,2
5/28/2015,15.39,24.24,18.77,0
5/29/2015,16.49,25.65,20.38,0
5/30/2015,17.61,20.63,18.62,10.4
5/31/2015,17.13,19.01,17.86,9
6/1/2015,NA,NA,NA,0
6/2/2015,NA,NA,NA,0
6/3/2015,NA,NA,NA,0
6/4/2015,8.92,22.13,15.01,11.6
6/5/2015,NA,NA,NA,0
6/6/2015,18.15,24.39,20.03,14.6
6/7/2015,NA,NA,NA,0
6/8/2015,NA,NA,NA,0
6/9/2015,NA,NA,NA,0
6/10/2015,NA,NA,NA,0
6/11/2015,NA,NA,NA,0
6/12/2015,NA,NA,NA,0
6/13/2015,16.73,25.19,19.36,23.2
6/14/2015,16.56,25.23,19.83,17.8
6/15/2015,17.46,23.57,20.01,0
6/16/2015,16.87,26.99,21.09,2.8
6/17/2015,17.7,26.57,21.31,0
6/18/2015,18.15,27.7,21.68,1.8
6/19/2015,17.42,28.25,22.13,0
6/20/2015,18.13,28.54,22.79,0.2
6/21/2015,18.58,26.65,21.63,4.4
6/22/2015,18.32,25.33,20.7,1.6
6/23/2015,18.34,22.54,19.72,13.4
6/24/2015,18.44,27.7,21.41,3.8
6/25/2015,18.56,20.56,19.05,0
6/26/2015,NA,NA,NA,0
6/27/2015,NA,NA,NA,0
6/28/2015,NA,NA,NA,0
6/29/2015,NA,NA,NA,0
6/30/2015,NA,NA,NA,0
7/1/2015,NA,NA,NA,0
7/2/2015,NA,NA,NA,0
7/3/2015,NA,NA,NA,0
7/4/2015,11.93,21.99,15.84,0
7/5/2015,NA,NA,NA,0
7/6/2015,18.56,25.6,20.77,0.4
7/7/2015,NA,NA,NA,0
7/8/2015,NA,NA,NA,0
7/9/2015,NA,NA,NA,0
7/10/2015,NA,NA,NA,0
7/11/2015,NA,NA,NA,0
7/12/2015,NA,NA,NA,0
7/13/2015,NA,NA,NA,0
7/14/2015,NA,NA,NA,0
7/15/2015,19.41,23.55,21.04,3
7/16/2015,18.46,25.6,20.71,53.8
7/17/2015,17.25,29.02,21.4,14.43
7/18/2015,16.8,27.38,20.67,9.53
7/19/2015,17.39,26.09,20.25,13.21
7/20/2015,17.34,23.64,19.77,13.87
7/21/2015,17.37,22.25,19.09,19.96
7/22/2015,17.13,24.85,20.25,8.05
7/23/2015,18.34,25.89,20.76,3.02
7/24/2015,17.23,26.87,20.83,17.65
7/25/2015,17.96,27.73,22.21,0.2
7/26/2015,17.65,30.14,22.47,22.4
7/27/2015,17.25,28.25,21.54,0.2
7/28/2015,18.56,28.62,22.62,0
7/29/2015,18.27,28.22,22.29,6.43
7/30/2015,18.39,28.77,22.39,0.2
7/31/2015,18.72,24.27,20.83,0
8/1/2015,18.46,22.99,19.95,0
8/2/2015,18.13,27.85,21.81,0.41
8/3/2015,18.41,23.55,20.23,0.61
8/4/2015,13.38,27.31,19.08,3.45
8/5/2015,17.96,24.24,19.92,5.26
8/6/2015,17.32,26.48,20.9,4.23
8/7/2015,18.3,25.14,21.05,3.81
8/8/2015,17.84,26.72,21.19,16.99
8/9/2015,16.51,28.3,21.69,13
8/10/2015,17.18,28.57,22.05,0.2
8/11/2015,18.63,28.92,23.04,22.05
8/12/2015,18.77,27.04,21.47,20.85
8/13/2015,18.82,26.33,21.23,0.41
8/14/2015,19.15,26.55,21.41,0
8/15/2015,19.01,26.57,21.38,0
8/16/2015,18.94,25.99,21.2,0
8/17/2015,18.6,25.48,20.69,32.44
8/18/2015,18.89,25.87,20.78,12.85
8/19/2015,18.65,21.77,19.74,18.69
8/20/2015,17.27,19.29,18.28,44.73
8/21/2015,16.7,22.18,18.99,6.1
8/22/2015,17.84,23.67,20.01,8.66
8/23/2015,18.06,26.06,20.53,6.27
8/24/2015,18.01,27.58,21.69,1.22
8/25/2015,18.51,27.04,21.79,0.61
8/26/2015,18.68,26.38,20.75,26.82
8/27/2015,18.84,26.26,21.42,0.2
8/28/2015,17.72,25.45,20.43,4.06
8/29/2015,18.39,25.14,20.6,4.65
8/30/2015,18.11,22.66,19.34,1.83
8/31/2015,17.77,26.26,20.6,2.64
9/1/2015,17.8,24.03,19.8,5.64
9/2/2015,17.96,22.25,18.93,17.09
9/3/2015,17.87,22.08,19.21,10.39
9/4/2015,12.15,24.44,17.62,20.63
9/5/2015,18.22,26.65,21.15,3.84
9/6/2015,18.22,27.09,20.55,1.8
9/7/2015,17.56,27.36,21.46,0.61
9/8/2015,18.08,27.11,21.44,0
9/9/2015,17.56,26.97,21.66,0
9/10/2015,17.96,28.17,21.68,17.42
9/11/2015,17.99,23.21,19.72,0.2
9/12/2015,17.2,27.65,21.51,0
9/13/2015,18.3,27.14,21.73,0
9/14/2015,18.06,26.3,21.27,1.6
9/15/2015,17.84,27.92,20.83,1.22
9/16/2015,17.51,28.27,21.1,0
9/17/2015,16.46,28.17,21.46,0
9/18/2015,17.82,30.07,22.3,4.42
9/19/2015,17.8,28.82,21.92,21.16
9/20/2015,17.65,23.55,19.42,21.18
9/21/2015,17.3,23.86,18.88,37.52
9/22/2015,17.44,24.53,19.49,5.05
9/23/2015,17.7,22.94,19.16,6.1
9/24/2015,17.42,24.29,19.49,6.83
9/25/2015,17.51,19.48,18.26,2.64
9/26/2015,16.25,20.58,17.97,0.41
9/27/2015,16.03,22.59,18.69,0
9/28/2015,16.13,26.23,20.22,0
9/29/2015,16.01,27.53,20.91,0
9/30/2015,15.8,27.28,20.57,0
10/1/2015,15.94,26.77,20.45,0
10/2/2015,15.8,26.79,20.09,0
10/3/2015,16.68,21.77,18.57,5.44
10/4/2015,12.27,26.28,17.73,0
10/5/2015,14.46,27.63,20.4,0
10/6/2015,14.05,27.9,19.33,37.2
10/7/2015,14.79,27.06,19.95,0
10/8/2015,15.27,26.43,19.93,0
10/9/2015,15.27,25.4,19.25,0
10/10/2015,15.39,24.56,18.87,0
10/11/2015,14.34,24.56,18.08,0
10/12/2015,12.39,24.36,17.15,0
10/13/2015,12.9,23.5,16.63,1.42
10/14/2015,12.36,16.34,14.11,0
10/15/2015,11.98,23.62,16.32,10.59
10/16/2015,12.75,22.03,15.99,1.42
10/17/2015,11.73,24.22,16.67,0
10/18/2015,12.87,23.33,17.33,0
10/19/2015,12.8,24.61,17.71,0
10/20/2015,13.21,23.45,17.48,0
10/21/2015,12.85,24.05,17.33,0
10/22/2015,13.98,23.18,17.48,0
10/23/2015,12.68,22.66,16.46,0
10/24/2015,10.83,22.15,15.72,1.6
10/25/2015,12.39,23.04,16.77,0
10/26/2015,12,22.9,16.49,0
10/27/2015,11.95,21.8,15.76,0
10/28/2015,11.27,22.06,15.84,0
10/29/2015,11.98,22.9,16.2,0
10/30/2015,11.22,21.94,15.38,0
10/31/2015,12.32,20.56,15.09,0
11/1/2015,11.15,22.11,15.03,14.2
11/2/2015,10.69,22.54,15.22,0.2
11/3/2015,12.75,20.25,15.55,0
11/4/2015,11.27,20.48,14.32,1.61
11/5/2015,11.18,22.11,15.64,12.22
11/6/2015,10.2,23.59,16.47,4.6
11/7/2015,11.05,18.89,14.02,0
11/8/2015,10.96,21.77,14.89,0
11/9/2015,10.42,21.29,14.73,0
11/10/2015,9.41,20.77,13.8,0
11/11/2015,8.42,20.96,13.32,0
11/12/2015,8.59,21.03,13.77,0
11/13/2015,9.46,22.37,14.27,0
11/14/2015,11.66,17.61,14.06,0
11/15/2015,11.03,19.7,13.78,0
11/16/2015,11.22,18.58,13.51,0
11/17/2015,9.19,19.67,13.43,0
11/18/2015,10.39,18.77,13.55,0
11/19/2015,8.99,24,14.12,0
11/20/2015,9.44,24.39,14.35,0
11/21/2015,8.77,22.66,13.95,0
11/22/2015,9.39,22.18,14.07,0
11/23/2015,9.61,24.1,14.2,0
11/24/2015,9.19,23.47,13.56,0
11/25/2015,8.62,21.53,13.15,0
11/26/2015,9.66,20.32,13.38,0
11/27/2015,9.9,21.41,13.17,0
11/28/2015,9.34,18.34,12.74,0
11/29/2015,9.34,21.63,13.47,0
11/30/2015,9.44,21.18,13.67,0
12/1/2015,10.74,19.34,14.13,0
12/2/2015,NA,NA,NA,0
12/3/2015,NA,NA,NA,0
12/4/2015,13.28,24.48,17.76,0
12/5/2015,14.63,26.6,18.8,0.2
12/6/2015,17.25,20.2,18.08,30.4
12/7/2015,NA,NA,NA,0
12/8/2015,NA,NA,NA,0
12/9/2015,NA,NA,NA,0
12/10/2015,NA,NA,NA,0
12/11/2015,NA,NA,NA,0
12/12/2015,NA,NA,NA,0
12/13/2015,NA,NA,NA,0
12/14/2015,NA,NA,NA,0
12/15/2015,NA,NA,NA,0
12/16/2015,NA,NA,NA,0
12/17/2015,NA,NA,NA,0
12/18/2015,NA,NA,NA,0
12/19/2015,NA,NA,NA,0
12/20/2015,NA,NA,NA,0
12/21/2015,NA,NA,NA,0
12/22/2015,NA,NA,NA,0
12/23/2015,NA,NA,NA,0
12/24/2015,NA,NA,NA,0
12/25/2015,NA,NA,NA,0
12/26/2015,NA,NA,NA,0
12/27/2015,NA,NA,NA,0
12/28/2015,NA,NA,NA,0
12/29/2015,NA,NA,NA,0
12/30/2015,NA,NA,NA,0
12/31/2015,NA,NA,NA,0
1/1/2016,6,17.06,10.32,0
1/2/2016,5.87,17.87,10.42,0
1/3/2016,5.02,16.42,9.63,0
1/4/2016,5.33,16.61,9.86,0
1/5/2016,5.57,15.8,9.39,0
1/6/2016,5.23,15.75,9.8,0
1/7/2016,7.04,16.75,10.62,0
1/8/2016,6.28,15.13,9.18,0.6
1/9/2016,5.02,11.3,7.44,0.2
1/10/2016,2.96,15.27,7.76,0
1/11/2016,3.85,15.41,8.15,0
1/12/2016,5.46,15.41,9.28,0
1/13/2016,5.02,14,8.8,0
1/14/2016,6.59,13.83,8.84,0
1/15/2016,6.03,13.83,8.54,0
1/16/2016,5,14.53,8.67,0
1/17/2016,4.43,17.37,9.38,0
1/18/2016,4.12,15.34,8.63,0
1/19/2016,4.04,15.41,8.67,2
1/20/2016,5.64,12.07,7.78,9
1/21/2016,4.64,14.43,8.25,0
1/22/2016,5,14.6,8.95,0
1/23/2016,5.02,15.06,8.81,0.8
1/24/2016,5.82,14.77,8.98,0
1/25/2016,4.87,14.17,8.46,0
1/26/2016,3.59,13.69,7.54,2
1/27/2016,4.69,11.47,7.04,1.4
1/28/2016,3.64,13.04,7.42,0
1/29/2016,5.72,12.92,8.79,0
1/30/2016,6.89,12.9,8.91,0
1/31/2016,6.46,10.57,8.3,0
2/1/2016,6.69,14.27,9.18,0
2/2/2016,7.09,12.51,9.44,0
2/3/2016,6.64,14.48,9.67,0
2/4/2016,7.09,15.99,10.76,0
2/5/2016,7.92,18.25,12.03,0
2/6/2016,10,17.37,12.8,0
2/7/2016,10.61,19.39,13.85,0
2/8/2016,8.74,18.27,12.28,1.2
2/9/2016,7.32,17.63,10.96,0.6
2/10/2016,8.69,16.94,10.62,1.8
2/11/2016,8.27,14.67,10.13,0.2
2/12/2016,6.28,16.11,10.44,0
2/13/2016,6.23,16.25,10.48,0
2/14/2016,6.43,16.18,10.96,0
2/15/2016,8.74,18.25,12.12,0
2/16/2016,8.74,17.77,12.42,0
2/17/2016,8.69,17.77,12.74,0
2/18/2016,10.47,18.75,13.77,0
2/19/2016,11.61,20.7,14.67,0
2/20/2016,11.98,20.6,15.08,0
2/21/2016,12.03,20.46,15.27,0
2/22/2016,10.64,22.27,14.46,0
2/23/2016,10.35,19.01,13.09,0
2/24/2016,7.42,19.94,12.48,0
2/25/2016,7.47,18.77,12.54,0
2/26/2016,8.3,20.1,12.99,0
2/27/2016,8.74,20.96,13.92,0
2/28/2016,9.02,22.23,13.04,2.4
2/29/2016,7.9,21.63,14.04,0
3/1/2016,9.66,19.44,13.04,3.2
3/2/2016,8.3,20.65,13.94,0
3/3/2016,11.08,19.27,14.29,0
3/4/2016,10.93,19.34,13.68,0.6
3/5/2016,9.63,22.49,14.89,2.2
3/6/2016,11.42,21.7,15.38,0
3/7/2016,11.52,21.56,15.52,0
3/8/2016,11.42,22.06,14.13,3
3/9/2016,10.37,21.8,14.94,4.4
3/10/2016,10.79,22.25,15.44,1.6
3/11/2016,13.21,21.46,16.14,0
3/12/2016,12.15,21.13,15.89,0
3/13/2016,13.16,22.9,16.19,0
3/14/2016,11.66,23.18,15.74,0
3/15/2016,10.17,22.85,14.83,5.2
3/16/2016,8.97,21.51,13.19,0.2
3/17/2016,8.42,21.49,14.3,0
3/18/2016,11.15,20.32,14.75,0
3/19/2016,10.64,20.58,14.97,0
3/20/2016,12.29,20.1,15.17,0.2
3/21/2016,11.47,17.56,13.18,3.4
3/22/2016,9.63,21.15,14.52,0
3/23/2016,8.05,21.7,14.3,0
3/24/2016,9.56,24.34,16.64,0
3/25/2016,11.69,26.4,18.17,0
3/26/2016,11.61,24.94,18.05,0
3/27/2016,13.67,24.92,18.04,1.2
3/28/2016,11.35,16.32,13.89,32.2
3/29/2016,10.64,21.39,15.31,0
3/30/2016,12.05,22.54,16.65,0
3/31/2016,11.78,21.51,15.39,1
4/1/2016,10.61,20.1,14.68,0
4/2/2016,12.15,24.51,16.89,0
4/3/2016,14.15,26.16,18.54,0
4/4/2016,14.27,22.01,17.89,0
4/5/2016,13.86,22.51,16.66,5.6
4/6/2016,13.4,25.31,17.71,0.4
4/7/2016,14.05,24.2,18.25,0.8
4/8/2016,13.09,27.21,18.21,1.2
4/9/2016,12.12,25.55,17.83,0.6
4/10/2016,13.64,24.92,18.65,0
4/11/2016,14.05,24.53,18.58,2.2
4/12/2016,14.31,26.16,19.15,0
4/13/2016,13.69,25.26,18.77,0
4/14/2016,10.91,21.46,15.19,10
4/15/2016,10.42,24.9,17.09,0.2
4/16/2016,12.32,16.37,14.35,3.6
4/17/2016,11.39,24.63,17.27,0.2
4/18/2016,14.07,17.99,15.22,27.6
4/19/2016,14.15,24.2,18.13,4.6
4/20/2016,15.08,22.71,17.96,5.4
4/21/2016,14.6,21.41,16.53,13.2
4/22/2016,13.98,18.89,15.7,7.8
4/23/2016,13.5,23.79,17.69,0
4/24/2016,13.26,25.6,18.67,0
4/25/2016,12.68,24.9,18.38,0
4/26/2016,12.65,24.48,18.32,0
4/27/2016,15.2,24.63,18.95,0
4/28/2016,15.44,26.45,20.05,0.2
4/29/2016,14.41,26.09,19.64,0
4/30/2016,12.22,25.65,19.14,13.4
5/1/2016,11.73,23.95,15.97,6.6
5/2/2016,12.92,24.32,17.91,0
5/3/2016,13.57,25.87,18.51,0
5/4/2016,12.36,22.94,16.22,1.4
5/5/2016,13.33,24.48,16.75,1.4
5/6/2016,13.88,19.2,15.93,1.6
5/7/2016,14.48,24.17,18.04,0
5/8/2016,14.39,25.38,19.24,0
5/9/2016,13.71,26.06,19.38,0
5/10/2016,14.89,27.9,20.7,2.4
5/11/2016,15.68,28.02,19.58,0.4
5/12/2016,14.91,28.12,19.33,0
5/13/2016,15.18,24.75,17.91,2
5/14/2016,15.25,26.82,18.32,0.8
5/15/2016,15.63,22.82,17.63,1.6
5/16/2016,15.13,19.67,16.61,19.2
5/17/2016,16.06,22.82,17.73,11.2
5/18/2016,13.26,22.82,17.73,9.6
5/19/2016,14.98,24.99,19.43,0
5/20/2016,16.18,24.7,19.33,1
5/21/2016,15.08,23.57,18.92,0
5/22/2016,16.27,26.06,19.96,1.6
5/23/2016,15.03,26.74,19.52,6.4
5/24/2016,13.91,28.54,20.07,5.2
5/25/2016,15.46,25.43,19.25,20.6
5/26/2016,15.08,24.82,18.63,16.8
5/27/2016,14.72,18.72,15.8,0
5/28/2016,NA,NA,NA,0
5/29/2016,NA,NA,NA,0
5/30/2016,NA,NA,NA,0
5/31/2016,NA,NA,NA,0
6/1/2016,NA,NA,NA,0
6/2/2016,NA,NA,NA,0
6/3/2016,NA,NA,NA,0
6/4/2016,NA,NA,NA,0
6/5/2016,NA,NA,NA,0
6/6/2016,NA,NA,NA,0
6/7/2016,NA,NA,NA,0
6/8/2016,NA,NA,NA,0
6/9/2016,NA,NA,NA,0
6/10/2016,NA,NA,NA,0
6/11/2016,NA,NA,NA,0
6/12/2016,NA,NA,NA,0
6/13/2016,NA,NA,NA,0
6/14/2016,NA,NA,NA,0
6/15/2016,NA,NA,NA,0
6/16/2016,NA,NA,NA,0
6/17/2016,NA,NA,NA,0
6/18/2016,NA,NA,NA,0
6/19/2016,NA,NA,NA,0
6/20/2016,NA,NA,NA,0
6/21/2016,NA,NA,NA,0
6/22/2016,NA,NA,NA,0
6/23/2016,NA,NA,NA,0
6/24/2016,NA,NA,NA,0
6/25/2016,NA,NA,NA,0
6/26/2016,NA,NA,NA,0
6/27/2016,NA,NA,NA,0
6/28/2016,NA,NA,NA,0
6/29/2016,NA,NA,NA,0
6/30/2016,NA,NA,NA,0
7/1/2016,NA,NA,NA,0
7/2/2016,NA,NA,NA,0
7/3/2016,NA,NA,NA,0
7/4/2016,NA,NA,NA,0
7/5/2016,NA,NA,NA,0
7/6/2016,NA,NA,NA,0
7/7/2016,NA,NA,NA,0
7/8/2016,NA,NA,NA,0
7/9/2016,NA,NA,NA,0
7/10/2016,NA,NA,NA,0
7/11/2016,NA,NA,NA,0
7/12/2016,NA,NA,NA,0
7/13/2016,NA,NA,NA,0
7/14/2016,NA,NA,NA,0
7/15/2016,NA,NA,NA,0
7/16/2016,NA,NA,NA,0
7/17/2016,NA,NA,NA,0
7/18/2016,NA,NA,NA,0
7/19/2016,NA,NA,NA,0
7/20/2016,NA,NA,NA,0
7/21/2016,NA,NA,NA,0
7/22/2016,NA,NA,NA,0
7/23/2016,NA,NA,NA,0
7/24/2016,NA,NA,NA,0
7/25/2016,NA,NA,NA,0
7/26/2016,NA,NA,NA,0
7/27/2016,NA,NA,NA,0
7/28/2016,NA,NA,NA,0
7/29/2016,NA,NA,NA,0
7/30/2016,NA,NA,NA,0
7/31/2016,NA,NA,NA,0
8/1/2016,NA,NA,NA,0
8/2/2016,NA,NA,NA,0
8/3/2016,NA,NA,NA,0
8/4/2016,NA,NA,NA,0
8/5/2016,NA,NA,NA,0
8/6/2016,NA,NA,NA,0
8/7/2016,NA,NA,NA,0
8/8/2016,NA,NA,NA,0
8/9/2016,NA,NA,NA,0
8/10/2016,NA,NA,NA,0
8/11/2016,NA,NA,NA,0
8/12/2016,NA,NA,NA,0
8/13/2016,NA,NA,NA,0
8/14/2016,NA,NA,NA,0
8/15/2016,NA,NA,NA,0
8/16/2016,NA,NA,NA,0
8/17/2016,NA,NA,NA,0
8/18/2016,NA,NA,NA,0
8/19/2016,NA,NA,NA,0
8/20/2016,NA,NA,NA,0
8/21/2016,NA,NA,NA,0
8/22/2016,NA,NA,NA,0
8/23/2016,NA,NA,NA,0
8/24/2016,NA,NA,NA,0
8/25/2016,NA,NA,NA,0
8/26/2016,NA,NA,NA,0
8/27/2016,NA,NA,NA,0
8/28/2016,NA,NA,NA,0
8/29/2016,NA,NA,NA,0
8/30/2016,NA,NA,NA,0
8/31/2016,NA,NA,NA,0
9/1/2016,NA,NA,NA,0
9/2/2016,NA,NA,NA,0
9/3/2016,NA,NA,NA,0
9/4/2016,NA,NA,NA,0
9/5/2016,NA,NA,NA,0
9/6/2016,NA,NA,NA,0
9/7/2016,NA,NA,NA,0
9/8/2016,NA,NA,NA,0
9/9/2016,NA,NA,NA,0
9/10/2016,NA,NA,NA,0
9/11/2016,NA,NA,NA,0
9/12/2016,NA,NA,NA,0
9/13/2016,NA,NA,NA,0
9/14/2016,NA,NA,NA,0
9/15/2016,NA,NA,NA,0
9/16/2016,NA,NA,NA,0
9/17/2016,NA,NA,NA,0
9/18/2016,NA,NA,NA,0
9/19/2016,NA,NA,NA,0
9/20/2016,NA,NA,NA,0
9/21/2016,NA,NA,NA,0
9/22/2016,NA,NA,NA,0
9/23/2016,NA,NA,NA,0
9/24/2016,NA,NA,NA,0
9/25/2016,NA,NA,NA,0
9/26/2016,NA,NA,NA,0
9/27/2016,NA,NA,NA,0
9/28/2016,NA,NA,NA,0
9/29/2016,NA,NA,NA,0
9/30/2016,NA,NA,NA,0
10/1/2016,NA,NA,NA,0
10/2/2016,NA,NA,NA,0
10/3/2016,NA,NA,NA,0
10/4/2016,NA,NA,NA,0
10/5/2016,NA,NA,NA,0
10/6/2016,NA,NA,NA,0
10/7/2016,NA,NA,NA,0
10/8/2016,NA,NA,NA,0
10/9/2016,NA,NA,NA,0
10/10/2016,NA,NA,NA,0
10/11/2016,NA,NA,NA,0
10/12/2016,NA,NA,NA,0
10/13/2016,NA,NA,NA,0
10/14/2016,NA,NA,NA,0
10/15/2016,NA,NA,NA,0
10/16/2016,NA,NA,NA,0
10/17/2016,NA,NA,NA,0
10/18/2016,NA,NA,NA,0
10/19/2016,15.18,17.68,16.56,0
10/20/2016,12.82,24.41,17.66,0
10/21/2016,12.49,24.29,17.21,0
10/22/2016,12.51,23.55,17.13,0
10/23/2016,13.04,23.95,17.18,0
10/24/2016,14.05,24.2,17.66,0
10/25/2016,13.38,25.48,18.09,0
10/26/2016,13.23,24.53,17.61,0
10/27/2016,11.3,26.52,16.32,0
10/28/2016,10.2,24.15,15.67,0
10/29/2016,9.81,22.61,15.01,0
10/30/2016,10.49,25.33,15.82,0
10/31/2016,9.88,25.5,15.76,0
11/1/2016,10.08,24.41,15.77,0
11/2/2016,11.42,25.48,16.75,0
11/3/2016,11.54,25.38,16.78,0
11/4/2016,11.03,21.6,15.21,0
11/5/2016,10.27,18.94,13.83,0
11/6/2016,8.79,22.13,14.05,0
11/7/2016,8.59,24.75,14.73,0
11/8/2016,8.89,22.94,14.37,0
11/9/2016,9.49,23.55,14.96,0
11/10/2016,10.49,23.38,15.85,0
11/11/2016,12.99,21.8,16.22,0
11/12/2016,11.88,22.01,15.69,0
11/13/2016,11.15,21.7,15.15,0
11/14/2016,11.81,21.1,15.4,0
11/15/2016,11.03,21.41,14.83,0
11/16/2016,9.53,20.84,13.96,0
11/17/2016,8.15,21.03,13.27,0
11/18/2016,8.64,21.49,13.58,0
11/19/2016,9.06,21.87,13.7,0
11/20/2016,8.62,21.84,13.19,0
11/21/2016,8.05,21.82,12.31,0
11/22/2016,8.74,20.51,13.14,0
11/23/2016,8.52,21.29,13.31,0
11/24/2016,9.58,20.25,13.68,0
11/25/2016,8.87,18.91,12.98,0
11/26/2016,9.46,23.23,13.82,0
11/27/2016,10.17,19.2,13.38,0
11/28/2016,10.98,19.94,13.75,0
11/29/2016,10.22,18.18,13.55,0
11/30/2016,11.49,17.42,13.72,0
12/1/2016,10.69,18.25,13.26,4.4
12/2/2016,10.2,17.7,12.79,0.4
12/3/2016,8.77,19.01,12.77,0
12/4/2016,8.1,21.2,12.98,0
12/5/2016,8.2,22.06,13.36,0
12/6/2016,8.02,21.29,12.88,0
12/7/2016,7.75,22.44,12.99,0
12/8/2016,8.64,22.35,13.43,0
12/9/2016,8.47,21.77,13.15,0
12/10/2016,8.54,22.56,13.24,0
12/11/2016,7.49,20.89,12.28,0
12/12/2016,6.64,20.53,11.44,0
12/13/2016,6.94,20.32,11.35,0
12/14/2016,7.12,18.89,11.21,0
12/15/2016,7.17,18.72,11.28,0
12/16/2016,6.94,18.99,11.53,0
12/17/2016,7.19,18.65,11.73,0
12/18/2016,7.52,18.03,11.88,0
12/19/2016,9.21,15.56,12.02,0
12/20/2016,9.95,15.75,11.92,0
12/21/2016,10.1,16.58,12.51,0
12/22/2016,8.44,18.06,12.66,0
12/23/2016,11.15,15.53,12.94,0
12/24/2016,10.12,16.56,12.54,0.4
12/25/2016,9.71,17.56,12.15,1.8
12/26/2016,8.39,10.44,9.38,0
12/27/2016,NA,NA,NA,0
12/28/2016,NA,NA,NA,0
12/29/2016,NA,NA,NA,0
12/30/2016,NA,NA,NA,0
12/31/2016,NA,NA,NA,0
1/1/2017,7.32,16.75,11,0
1/2/2017,6.36,17.56,11.02,0
1/3/2017,7.24,15.06,10.07,0
1/4/2017,6.31,16.8,10.26,0
1/5/2017,5.1,16.8,9.46,0
1/6/2017,5.15,15.72,9.36,0
1/7/2017,5.1,15.72,9.36,0
1/8/2017,4.64,15.53,9.38,0
1/9/2017,5.75,16.11,9.59,0
1/10/2017,5.46,10.88,7.76,0
1/11/2017,4.14,13.59,7.88,0.2
1/12/2017,3.83,13.5,7.69,0
1/13/2017,3.46,13.81,7.69,0
1/14/2017,2.8,14.39,7.36,0
1/15/2017,3.41,17.23,8.64,0
1/16/2017,4.04,15.8,8.62,0
1/17/2017,4.06,15.15,8.64,0
1/18/2017,4.32,16.68,9.34,0
1/19/2017,5.36,18.08,10.13,0
1/20/2017,5.21,17.89,10.05,0
1/21/2017,6.08,18.77,10.99,0
1/22/2017,7.27,21.18,12.2,0
1/23/2017,6.84,18.39,11.51,0
1/24/2017,6.66,20.2,12.24,0
1/25/2017,7.77,22.85,13.58,0
1/26/2017,8.44,21.8,13.65,0
1/27/2017,8.69,19.44,12.86,0
1/28/2017,5.82,15.01,10.02,2.4
1/29/2017,4.97,18.56,10.5,0
1/30/2017,7.02,17.13,11.36,0.6
1/31/2017,7.7,16.2,11,0.2
2/1/2017,7.47,17.49,11.41,0
2/2/2017,6.26,18.27,11.01,0
2/3/2017,7.12,18.89,11.89,0
2/4/2017,8.59,24.03,14.8,0
2/5/2017,10,22.37,14.44,0
2/6/2017,7.47,19.37,12.28,0
2/7/2017,7.24,17.42,11.41,0
2/8/2017,8.52,17.89,12.81,0
2/9/2017,9.88,18.49,12.96,0
2/10/2017,8.54,17.46,12.14,0
2/11/2017,8.32,17.58,11.74,0
2/12/2017,6.33,17.34,11.17,0
2/13/2017,6.69,17.61,11.64,0
2/14/2017,8.47,18.13,12.26,0
2/15/2017,7.34,19.75,12.94,0
2/16/2017,8.47,19.87,13.46,0
2/17/2017,8.39,20.75,13.94,0
2/18/2017,9.16,20.75,14.42,0
2/19/2017,11.25,20.39,14.78,0
2/20/2017,9.16,13.26,10.99,2.8
2/21/2017,8.42,16.01,11.39,3
2/22/2017,9.29,19.79,12.88,0.2
2/23/2017,8.52,20.08,12.91,0
2/24/2017,7.87,16.84,11.02,0
2/25/2017,7.92,17.89,11.84,0
2/26/2017,8.44,13.79,10.45,0
2/27/2017,7.92,15.29,10.35,2.4
2/28/2017,8.1,20.82,13.22,1.4
3/1/2017,10.54,20.91,14.15,0
3/2/2017,10.39,18.03,13.22,0
3/3/2017,10.22,21.58,14.85,0
3/4/2017,9.56,21.08,14.43,0
3/5/2017,8.47,19.96,13.62,0
3/6/2017,8.47,19.51,13.24,0
3/7/2017,6.31,18.18,11.61,0
3/8/2017,7.42,18.68,12.32,0
3/9/2017,7.47,16.18,11.65,0
3/10/2017,9.34,20.13,13.45,0
3/11/2017,8.3,11.08,9.29,2.8
3/12/2017,6.26,19.22,10.78,0.2
3/13/2017,6,17.08,11,0
3/14/2017,7.57,19.15,12.37,0
3/15/2017,7.32,19.34,12.35,0
3/16/2017,9.49,20.13,13.64,0
3/17/2017,6.51,15.56,9.87,12
3/18/2017,5.51,17.75,8.57,4.6
3/19/2017,5.26,17.82,10.75,0.2
3/20/2017,8.77,16.27,11.47,0
3/21/2017,7.29,18.99,12.28,0
3/22/2017,7.44,20.08,13.39,0
3/23/2017,11.9,20.44,14.96,0
3/24/2017,12.03,21.65,16.14,0
3/25/2017,12.99,20.98,16.52,0
3/26/2017,11.42,21.72,14.78,0.2
3/27/2017,10.39,23.47,16.27,0
3/28/2017,13.4,20.13,15.94,0
3/29/2017,13.59,21.15,16.32,0
3/30/2017,13.33,24.39,17.69,0
3/31/2017,14.34,25.7,18.53,0.6
4/1/2017,12.58,17.72,14.39,7.6
4/2/2017,11.22,21.25,15.01,14
4/3/2017,10.61,20.27,14.06,7.4
4/4/2017,11.01,21.49,14.43,2
4/5/2017,10.05,22.63,15.8,0
4/6/2017,13.11,22.35,16.51,0
4/7/2017,14.22,24.22,18.1,0
4/8/2017,15.06,25.79,19.42,0
4/9/2017,12.36,25.72,18.98,0
4/10/2017,12.58,25.02,17.48,0.2
4/11/2017,10.86,23.16,16.44,0
4/12/2017,11.15,23.57,17.2,2
4/13/2017,12.65,24.82,17.11,0
4/14/2017,11.44,25.5,18,0
4/15/2017,11.08,22.06,16.01,3
4/16/2017,10.71,23.76,15.76,0
4/17/2017,10.86,27.19,18.43,0
4/18/2017,12.46,26.01,18.77,0
4/19/2017,13.33,20.27,16.69,0
4/20/2017,14.22,22.11,17.26,0
4/21/2017,13.35,25.89,18.48,0.2
4/22/2017,14.75,21.65,16.58,5.6
4/23/2017,14.12,20.89,16.86,0.8
4/24/2017,14.43,23.76,17.53,1.4
4/25/2017,14.6,23.64,17.78,0
4/26/2017,14.46,25.72,19.18,0.2
4/27/2017,14.77,26.01,19.55,0
4/28/2017,13.71,23.09,16.79,0
4/29/2017,13.28,23.02,17.61,0
4/30/2017,14.03,25.31,18.52,0
5/1/2017,12.63,23.74,16.71,17.2
5/2/2017,12.41,23.88,17.18,0
5/3/2017,12.53,24.1,17.46,0
5/4/2017,14.19,17.58,15.56,3.2
5/5/2017,11.86,24.07,16.42,35.2
5/6/2017,12,21.56,15.16,7.6
5/7/2017,12.05,25.5,17.98,0
5/8/2017,14.84,27.01,19.78,0
5/9/2017,15.06,24.39,18.09,6.6
5/10/2017,14.65,24.05,18.02,0
5/11/2017,14.86,24.77,17.91,3.2
5/12/2017,14.41,27.24,20.36,1.8
5/13/2017,14.19,26.43,19.7,41
5/14/2017,14.55,25.19,18.38,15.6
5/15/2017,14.55,26.99,18.75,2.8
5/16/2017,14.05,26.26,17.48,26.2
5/17/2017,14.24,25.43,19.22,0.8
5/18/2017,15.32,24.87,19.81,0.2
5/19/2017,15.77,26.84,20.07,0
5/20/2017,16.94,27.01,21.05,0
5/21/2017,17.2,27.16,20.63,0.2
5/22/2017,16.34,26.82,20.53,0
5/23/2017,17.2,26.97,21.19,0
5/24/2017,18.01,27.28,21.77,0
5/25/2017,17.42,27.04,21.57,0
5/26/2017,16.92,27.33,20.54,0.8
5/27/2017,16.42,27.65,21.02,1.8
5/28/2017,15.46,26.35,19.92,3
5/29/2017,16.51,29.37,21.36,2
5/30/2017,16.58,20.58,18.21,4.6
5/31/2017,16.3,20.94,18.13,3.2
6/1/2017,16.32,27.14,20.93,0
6/2/2017,17.06,22.87,19.05,5.6
6/3/2017,14.96,24.99,18.49,6.6
6/4/2017,14.31,26.92,20.13,0.2
6/5/2017,17.15,28.52,21.69,0
6/6/2017,17.18,28.77,22.71,0
6/7/2017,17.56,29.37,22.86,0
6/8/2017,18.49,29.39,22.21,0
6/9/2017,18.2,28.52,22.05,0
6/10/2017,17.53,28.42,21.77,0.2
6/11/2017,17.51,30.12,22.24,12.6
6/12/2017,17.72,25.57,19.81,8.6
6/13/2017,17.7,22.68,19.05,31.8
6/14/2017,16.75,25.45,20.13,5.4
6/15/2017,17.44,26.57,21.37,0
6/16/2017,17.37,23.81,19.88,2.6
6/17/2017,17.2,24.73,19.44,15.4
6/18/2017,17.23,25.16,20.5,3.6
6/19/2017,17.7,25.91,20.46,0.6
6/20/2017,18.13,25.94,20.11,2
6/21/2017,17.58,25.6,20.43,1.8
6/22/2017,18.18,26.45,20.47,15
6/23/2017,18.15,29.09,22.52,0.2
6/24/2017,18.3,28.94,22.43,5.6
6/25/2017,18.39,28.89,22.55,1.2
6/26/2017,18.49,29.46,22.33,1.4
6/27/2017,18.65,28.74,21.92,3
6/28/2017,18.84,25.89,21.18,6.8
6/29/2017,18.41,26.94,21.03,2.4
6/30/2017,17.94,24.68,19.9,11.6
7/1/2017,18.06,27.04,20.4,10.6
7/2/2017,18.18,27.53,20.96,15.4
7/3/2017,18.44,29.59,22.11,9.4
7/4/2017,18.87,25.4,20.21,17.8
7/5/2017,18.58,25.7,20.85,17.8
7/6/2017,19.06,24.56,20.8,5.2
7/7/2017,19.13,27.36,22.01,8.8
7/8/2017,18.77,25.6,20.81,14.4
7/9/2017,18.08,24.05,19.82,13.4
7/10/2017,17.49,22.15,19.02,27.8
7/11/2017,17.44,24.51,19.99,4.8
7/12/2017,17.7,27.7,20.96,3.8
7/13/2017,17.15,29.49,21.98,17.8
7/14/2017,18.63,28.47,22.08,8.6
7/15/2017,18.68,29.69,22.87,31
7/16/2017,19.94,29.07,22.95,1.8
7/17/2017,19.15,29.77,22.52,3
7/18/2017,19.44,31.48,23.45,0.6
7/19/2017,18.91,26.67,21.13,2
7/20/2017,18.58,24.94,20.32,7.6
7/21/2017,18.84,24.99,20.9,3.2
7/22/2017,18.6,26.94,21.55,28.8
7/23/2017,18.34,25.74,20.64,10.8
7/24/2017,18.34,24.34,20.2,1
7/25/2017,17.94,24.17,20,1
7/26/2017,18.68,24.92,20.51,5.2
7/27/2017,18.25,27.8,22.12,0.2
7/28/2017,17.84,28.47,22,10.2
7/29/2017,18.3,25.4,20.68,7
7/30/2017,18.34,28.64,22.3,1.8
7/31/2017,18.44,28.67,22.69,0.4
8/1/2017,19.18,27.36,22.43,0
8/2/2017,19.6,28.27,22.29,1.6
8/3/2017,19.25,28.77,22.56,0.2
8/4/2017,19.34,28.84,22.23,4.6
8/5/2017,19.32,30.8,22.9,0
8/6/2017,19.6,29.64,22.7,0
8/7/2017,19.34,26.77,21.28,0
8/8/2017,19.34,25.07,20.91,0
8/9/2017,18.51,22.42,19.81,0
8/10/2017,18.15,21.15,19.1,0
8/11/2017,18.22,20.37,18.93,0
8/12/2017,17.61,21.56,18.9,0
8/13/2017,17.65,22.18,19.43,0
8/14/2017,17.94,25.89,20.85,0
8/15/2017,18.56,26.43,21.19,0
8/16/2017,18.44,24.05,20.2,0
8/17/2017,18.39,26.16,21.24,0
8/18/2017,18.68,28,21.22,0
8/19/2017,18.22,25.6,21.05,0
8/20/2017,17.84,28.27,21.54,0
8/21/2017,18.56,28.07,22.11,0
8/22/2017,17.87,27.53,21.4,0
8/23/2017,18.49,29.72,22.77,0
8/24/2017,18.44,30.5,21.79,0
8/25/2017,17.99,29.07,22.25,0
8/26/2017,18.94,28.47,22.12,3.8
8/27/2017,18.75,24.17,20.24,0
8/28/2017,19.06,27.9,22.2,0
8/29/2017,17.96,28.05,22.46,0
8/30/2017,18.08,25.4,21.21,2.2
8/31/2017,18.87,27.53,21.14,0
9/1/2017,18.51,27.53,21.73,3
9/2/2017,17.82,27.8,21.09,13.6
9/3/2017,17.96,26.18,20.14,2.2
9/4/2017,18.56,28.74,21.88,0.2
9/5/2017,18.53,27.43,21.5,1.8
9/6/2017,18.77,28.22,21.84,0
9/7/2017,18.56,27.73,21.44,0
9/8/2017,18.82,26.84,21.22,0
9/9/2017,18.46,26.01,20.47,0
9/10/2017,17.8,23.91,20.35,0.6
9/11/2017,17.34,27.26,21.1,16
9/12/2017,17.53,26.11,20.19,28.8
9/13/2017,17.23,26.09,20.33,8
9/14/2017,17.58,27.24,20.98,7.4
9/15/2017,18.13,28.69,22.15,15.6
9/16/2017,18.3,30.47,22.85,31.6
9/17/2017,18.08,28.57,21.89,0.4
9/18/2017,17.75,24.51,20.02,13.2
9/19/2017,18.46,27.48,20.95,11.6
9/20/2017,18.08,23.79,19.54,10.8
9/21/2017,17.77,25.82,20.05,5.6
9/22/2017,17.53,27.41,21.22,0
9/23/2017,18.44,24.97,20.18,4
9/24/2017,17.37,25.33,20.36,1.2
9/25/2017,18.53,26.4,20.95,0
9/26/2017,18.53,26.97,21.53,0.2
9/27/2017,17.96,28.82,21.41,26
9/28/2017,17.61,25.89,20.28,1
9/29/2017,17.42,21.18,18.66,7.2
9/30/2017,15.49,18.84,16.95,33
10/1/2017,15.77,26.06,19.42,0
10/2/2017,16.92,25.11,19.56,0
10/3/2017,16.63,26.97,20.35,3.8
10/4/2017,15.94,27.73,20.84,0
10/5/2017,16.39,29.41,21.54,0
10/6/2017,16.96,28.05,21.5,0
10/7/2017,17.03,27.46,21.07,0.2
10/8/2017,16.08,27.75,19.99,0
10/9/2017,16.75,25.38,19.89,0
10/10/2017,16.99,25.57,19.45,6.2
10/11/2017,16.58,28.54,20.87,0
10/12/2017,16.15,27.97,20.59,18.8
10/13/2017,16.08,25.79,19.76,0
10/14/2017,17.23,25.4,19.31,1.2
10/15/2017,16.13,26.74,19.88,0
10/16/2017,13.98,26.84,18.52,0
10/17/2017,14.03,26.94,18.99,0
10/18/2017,13.71,29.49,19.2,0
10/19/2017,13.76,28.49,19.01,0
10/20/2017,14.05,20.67,16.4,1.6
10/21/2017,14.03,17.03,15.12,13.2
10/22/2017,12.9,22.63,16.63,0
10/23/2017,14.91,22.63,17.07,0
10/24/2017,13.67,21.89,16.33,1.4
10/25/2017,12.22,20.6,15.58,0
10/26/2017,12.44,20.34,15.55,0
10/27/2017,12.34,21.18,15.89,0
10/28/2017,11.32,21.15,15.38,0
10/29/2017,11.32,24.15,15.91,0
10/30/2017,10.52,19.7,13.83,5.8
10/31/2017,10.54,19.29,13.65,0.8
11/1/2017,NA,NA,NA,0
11/2/2017,NA,NA,NA,0
11/3/2017,NA,NA,NA,0
11/4/2017,NA,NA,NA,0
11/5/2017,NA,NA,NA,0
11/6/2017,NA,NA,NA,0
11/7/2017,NA,NA,NA,0
11/8/2017,NA,NA,NA,0
11/9/2017,NA,NA,NA,0
11/10/2017,NA,NA,NA,0
11/11/2017,NA,NA,NA,0
11/12/2017,NA,NA,NA,0
11/13/2017,NA,NA,NA,0
11/14/2017,NA,NA,NA,0
11/15/2017,NA,NA,NA,0
11/16/2017,NA,NA,NA,0
11/17/2017,NA,NA,NA,0
11/18/2017,NA,NA,NA,0
11/19/2017,NA,NA,NA,0
11/20/2017,NA,NA,NA,0
11/21/2017,NA,NA,NA,0
11/22/2017,NA,NA,NA,0
11/23/2017,NA,NA,NA,0
11/24/2017,NA,NA,NA,0
11/25/2017,NA,NA,NA,0
11/26/2017,NA,NA,NA,0
11/27/2017,NA,NA,NA,0
11/28/2017,NA,NA,NA,0
11/29/2017,NA,NA,NA,0
11/30/2017,NA,NA,NA,0
12/1/2017,NA,NA,NA,0
12/2/2017,NA,NA,NA,0
12/3/2017,NA,NA,NA,0
12/4/2017,NA,NA,NA,0
12/5/2017,NA,NA,NA,0
12/6/2017,NA,NA,NA,0
12/7/2017,NA,NA,NA,0
12/8/2017,NA,NA,NA,0
12/9/2017,NA,NA,NA,0
12/10/2017,NA,NA,NA,0
12/11/2017,NA,NA,NA,0
12/12/2017,NA,NA,NA,0
12/13/2017,NA,NA,NA,0
12/14/2017,NA,NA,NA,0
12/15/2017,NA,NA,NA,0
12/16/2017,NA,NA,NA,0
12/17/2017,NA,NA,NA,0
12/18/2017,NA,NA,NA,0
12/19/2017,NA,NA,NA,0
12/20/2017,NA,NA,NA,0
12/21/2017,NA,NA,NA,0
12/22/2017,NA,NA,NA,0
12/23/2017,NA,NA,NA,0
12/24/2017,NA,NA,NA,0
12/25/2017,NA,NA,NA,0
12/26/2017,NA,NA,NA,0
12/27/2017,NA,NA,NA,0
12/28/2017,NA,NA,NA,0
12/29/2017,NA,NA,NA,0
12/30/2017,NA,NA,NA,0
12/31/2017,NA,NA,NA,0
1/1/2018,NA,NA,NA,0
1/2/2018,NA,NA,NA,0
1/3/2018,NA,NA,NA,0
1/4/2018,NA,NA,NA,0
1/5/2018,NA,NA,NA,0
1/6/2018,NA,NA,NA,0
1/7/2018,18.58,24.97,20.52,6.2
1/8/2018,17.77,25.6,19.64,67.8
1/9/2018,18.41,27.92,22.08,0
1/10/2018,16.3,24.34,18.89,0
1/11/2018,10.39,23.91,16.01,0
1/12/2018,5.98,17.01,10.58,0
1/13/2018,NA,NA,NA,0
1/14/2018,NA,NA,NA,0
1/15/2018,NA,NA,NA,0
1/16/2018,NA,NA,NA,0
1/17/2018,NA,NA,NA,0
1/18/2018,NA,NA,NA,0
1/19/2018,NA,NA,NA,0
1/20/2018,NA,NA,NA,0
1/21/2018,NA,NA,NA,0
1/22/2018,NA,NA,NA,0
1/23/2018,NA,NA,NA,0
1/24/2018,NA,NA,NA,0
1/25/2018,NA,NA,NA,0
1/26/2018,NA,NA,NA,0
1/27/2018,NA,NA,NA,0
1/28/2018,NA,NA,NA,0
1/29/2018,NA,NA,NA,0
1/30/2018,NA,NA,NA,0
1/31/2018,NA,NA,NA,0
2/1/2018,NA,NA,NA,0
2/2/2018,NA,NA,NA,0
2/3/2018,NA,NA,NA,0
2/4/2018,NA,NA,NA,0
2/5/2018,NA,NA,NA,0
2/6/2018,NA,NA,NA,0
2/7/2018,18.01,20.56,19.08,11
2/8/2018,17.53,25.33,19.67,15.4
2/9/2018,18.3,26.18,20.95,3.2
2/10/2018,16.15,23.33,18.12,0.2
2/11/2018,10.69,20.1,15.09,0
2/12/2018,6.79,16.46,10.62,0
2/13/2018,NA,NA,NA,0
2/14/2018,NA,NA,NA,0
2/15/2018,NA,NA,NA,0
2/16/2018,NA,NA,NA,0
2/17/2018,NA,NA,NA,0
2/18/2018,NA,NA,NA,0
2/19/2018,NA,NA,NA,0
2/20/2018,NA,NA,NA,0
2/21/2018,NA,NA,NA,0
2/22/2018,NA,NA,NA,0
2/23/2018,NA,NA,NA,0
2/24/2018,NA,NA,NA,0
2/25/2018,NA,NA,NA,0
2/26/2018,NA,NA,NA,0
2/27/2018,NA,NA,NA,0
2/28/2018,NA,NA,NA,0
3/1/2018,NA,NA,NA,0
3/2/2018,NA,NA,NA,0
3/3/2018,NA,NA,NA,0
3/4/2018,NA,NA,NA,0
3/5/2018,NA,NA,NA,0
3/6/2018,NA,NA,NA,0
3/7/2018,18.18,22.13,19.25,22.8
3/8/2018,18.22,26.33,21.07,3.4
3/9/2018,17.84,27.65,21.51,6.4
3/10/2018,14.91,24.03,18.25,0
3/11/2018,11.64,21.08,14.75,0
3/12/2018,7.02,10.74,8.34,0
3/13/2018,NA,NA,NA,0
3/14/2018,NA,NA,NA,0
3/15/2018,NA,NA,NA,0
3/16/2018,NA,NA,NA,0
3/17/2018,NA,NA,NA,0
3/18/2018,NA,NA,NA,0
3/19/2018,NA,NA,NA,0
3/20/2018,NA,NA,NA,0
3/21/2018,NA,NA,NA,0
3/22/2018,NA,NA,NA,0
3/23/2018,NA,NA,NA,0
3/24/2018,NA,NA,NA,0
3/25/2018,NA,NA,NA,0
3/26/2018,NA,NA,NA,0
3/27/2018,NA,NA,NA,0
3/28/2018,NA,NA,NA,0
3/29/2018,NA,NA,NA,0
3/30/2018,NA,NA,NA,0
3/31/2018,NA,NA,NA,0
4/1/2018,NA,NA,NA,0
4/2/2018,NA,NA,NA,0
4/3/2018,NA,NA,NA,0
4/4/2018,NA,NA,NA,0
4/5/2018,NA,NA,NA,0
4/6/2018,NA,NA,NA,0
4/7/2018,18.03,26.16,20.43,14
4/8/2018,17.75,28.27,21.45,16.2
4/9/2018,18.2,27.63,21.73,4
4/10/2018,13.74,23.91,17.91,0
4/11/2018,10.59,20.34,14.32,0
4/12/2018,NA,NA,NA,0
4/13/2018,NA,NA,NA,0
4/14/2018,NA,NA,NA,0
4/15/2018,NA,NA,NA,0
4/16/2018,NA,NA,NA,0
4/17/2018,NA,NA,NA,0
4/18/2018,NA,NA,NA,0
4/19/2018,NA,NA,NA,0
4/20/2018,NA,NA,NA,0
4/21/2018,NA,NA,NA,0
4/22/2018,NA,NA,NA,0
4/23/2018,NA,NA,NA,0
4/24/2018,NA,NA,NA,0
4/25/2018,NA,NA,NA,0
4/26/2018,NA,NA,NA,0
4/27/2018,NA,NA,NA,0
4/28/2018,NA,NA,NA,0
4/29/2018,NA,NA,NA,0
4/30/2018,NA,NA,NA,0
5/1/2018,NA,NA,NA,0
5/2/2018,NA,NA,NA,0
5/3/2018,NA,NA,NA,0
5/4/2018,NA,NA,NA,0
5/5/2018,NA,NA,NA,0
5/6/2018,NA,NA,NA,0
5/7/2018,18.72,26.26,21.59,0.2
5/8/2018,18.89,26.99,20.86,27.2
5/9/2018,18.94,28.57,22.37,0.2
5/10/2018,13.64,25.28,18.08,0
5/11/2018,9.78,19.91,13.82,0
5/12/2018,NA,NA,NA,0
5/13/2018,NA,NA,NA,0
5/14/2018,NA,NA,NA,0
5/15/2018,NA,NA,NA,0
5/16/2018,NA,NA,NA,0
5/17/2018,NA,NA,NA,0
5/18/2018,NA,NA,NA,0
5/19/2018,NA,NA,NA,0
5/20/2018,NA,NA,NA,0
5/21/2018,NA,NA,NA,0
5/22/2018,NA,NA,NA,0
5/23/2018,NA,NA,NA,0
5/24/2018,NA,NA,NA,0
5/25/2018,NA,NA,NA,0
5/26/2018,NA,NA,NA,0
5/27/2018,NA,NA,NA,0
5/28/2018,NA,NA,NA,0
5/29/2018,NA,NA,NA,0
5/30/2018,NA,NA,NA,0
5/31/2018,NA,NA,NA,0
6/1/2018,NA,NA,NA,0
6/2/2018,NA,NA,NA,0
6/3/2018,NA,NA,NA,0
6/4/2018,NA,NA,NA,0
6/5/2018,NA,NA,NA,0
6/6/2018,NA,NA,NA,0
6/7/2018,18.37,28.94,22.65,0
6/8/2018,18.87,28,22.24,0.6
6/9/2018,19.13,28.37,21.97,9
6/10/2018,12.41,24.1,17.35,0
6/11/2018,10,20.06,13.72,0
6/12/2018,NA,NA,NA,0
6/13/2018,18.51,24.99,20.65,4.8
6/14/2018,17.8,27.58,21.17,5.6
6/15/2018,17.58,25.4,20.29,1
6/16/2018,17.87,19.67,18.58,6.4
6/17/2018,17.44,25.4,20.03,2.2
6/18/2018,17.18,25.87,20.56,0.6
6/19/2018,17.49,28.49,22.23,0
6/20/2018,19.1,27.97,22.28,0
6/21/2018,18.7,27.92,22.55,0
6/22/2018,18.96,27.21,21.53,0
6/23/2018,18.18,27.92,21.9,0
6/24/2018,18.03,28.15,22,0
6/25/2018,18.79,28.87,22.63,0
6/26/2018,18.65,28.44,22.11,0
6/27/2018,18.7,25.23,20.96,0
6/28/2018,17.7,27.14,20.74,0
6/29/2018,18.11,25.94,20.96,0.2
6/30/2018,18.39,27.55,21.53,0
7/1/2018,NA,NA,NA,0
7/2/2018,NA,NA,NA,0
7/3/2018,NA,NA,NA,0
7/4/2018,NA,NA,NA,0
7/5/2018,NA,NA,NA,0
7/6/2018,NA,NA,NA,0
7/7/2018,19.37,28.42,22.85,3.2
7/8/2018,19.22,28.52,22.28,1.8
7/9/2018,18.18,27.95,21.59,0
7/10/2018,12.53,24.03,17.35,0
7/11/2018,9.09,19.89,13.39,0
7/12/2018,NA,NA,NA,0
7/13/2018,18.79,27.65,22.3,6.4
7/14/2018,18.22,30.34,22.85,12
7/15/2018,18.94,28.22,22.34,4.4
7/16/2018,18.44,29.46,22.72,14.6
7/17/2018,18.82,29.44,22.06,15
7/18/2018,19.18,30.82,23.22,1.6
7/19/2018,19.41,32.1,24.17,3.2
7/20/2018,18.63,32.72,24.13,34.6
7/21/2018,18.49,27.21,21.61,27
7/22/2018,18.44,26.26,20.78,19.4
7/23/2018,18.49,28.37,21.75,26.2
7/24/2018,18.41,28.74,21.3,22.2
7/25/2018,18.06,29.46,21.42,24.2
7/26/2018,18.27,26.79,20.51,15.8
7/27/2018,17.25,27.95,21.65,7.6
7/28/2018,18.94,27.04,21.04,14
7/29/2018,18.68,28.47,20.99,5.4
7/30/2018,18.7,29.04,21.79,4.8
7/31/2018,18.2,26.99,20.54,29
8/1/2018,NA,NA,NA,0
8/2/2018,NA,NA,NA,0
8/3/2018,NA,NA,NA,0
8/4/2018,NA,NA,NA,0
8/5/2018,NA,NA,NA,0
8/6/2018,NA,NA,NA,0
8/7/2018,19.25,28.25,22.49,2.8
8/8/2018,19.01,25.19,20.83,1.8
8/9/2018,18.18,27.33,21.26,0
8/10/2018,12.41,24.2,17.09,0
8/11/2018,9.49,23.81,14.13,0
8/12/2018,NA,NA,NA,0
8/13/2018,17.03,28.1,21.35,10.6
8/14/2018,18.7,28.35,22.24,6
8/15/2018,18.44,27.51,21.97,2.4
8/16/2018,18.6,30.22,22.94,6.4
8/17/2018,18.22,28.52,22.18,8.4
8/18/2018,18.22,31.13,23.35,14.6
8/19/2018,18.63,30.7,22.72,1.6
8/20/2018,17.37,28.1,21.71,3.4
8/21/2018,18.68,27.8,22.15,0.2
8/22/2018,19.01,27.65,21.97,0
8/23/2018,18.58,26.77,21.16,20
8/24/2018,18.27,27.16,20.68,19.6
8/25/2018,18.08,28.74,21.29,30.6
8/26/2018,18.53,28.32,22.1,7
8/27/2018,19.15,27.58,22.14,4.4
8/28/2018,18.75,26.92,21.09,2.2
8/29/2018,18.46,28.35,21.72,0.4
8/30/2018,18.41,26.21,21.14,4
8/31/2018,18.2,28.54,22.27,3.2
9/1/2018,NA,NA,NA,0
9/2/2018,NA,NA,NA,0
9/3/2018,NA,NA,NA,0
9/4/2018,NA,NA,NA,0
9/5/2018,NA,NA,NA,0
9/6/2018,NA,NA,NA,0
9/7/2018,18.77,25.5,21.08,0.6
9/8/2018,18.41,28.84,22.24,0.4
9/9/2018,18.27,25.94,20.34,0
9/10/2018,12.99,23.33,16.96,0
9/11/2018,8.12,21.41,13.28,0
9/12/2018,NA,NA,NA,0
9/13/2018,17.15,24.87,19.42,0.8
9/14/2018,17.08,24.75,19.2,14.8
9/15/2018,16.49,23.42,19.04,16.4
9/16/2018,16.53,27.95,20.89,1
9/17/2018,15.68,28.59,21.18,0
9/18/2018,15.82,28.12,21.29,0
9/19/2018,16.46,28.25,21.06,8.6
9/20/2018,17.8,25.28,20.12,2.2
9/21/2018,16.96,24.61,19.65,9
9/22/2018,16.2,26.09,20.48,0.2
9/23/2018,17.39,25.74,20.57,0
9/24/2018,17.58,24.68,19.78,0.4
9/25/2018,17.08,22.49,18.58,0.2
9/26/2018,16.65,23.14,19.04,0
9/27/2018,16.63,24.65,19.61,0
9/28/2018,17.13,25.21,20.04,0
9/29/2018,17.25,27.04,20.53,0
9/30/2018,17.11,26.55,20.18,0
10/1/2018,NA,NA,NA,0
10/2/2018,NA,NA,NA,0
10/3/2018,NA,NA,NA,0
10/4/2018,NA,NA,NA,0
10/5/2018,NA,NA,NA,0
10/6/2018,NA,NA,NA,0
10/7/2018,18.79,28.12,22.39,0.2
10/8/2018,17.99,26.62,20.92,13.2
10/9/2018,17.49,23.45,18.96,0
10/10/2018,13.55,24.32,17.41,0
10/11/2018,8.15,20.22,13.17,0
10/12/2018,NA,NA,NA,0
10/13/2018,12.92,23.11,16.72,0.2
10/14/2018,12.07,23.11,16.45,0
10/15/2018,11.9,22.94,16.07,0
10/16/2018,10.76,22.15,15.62,0
10/17/2018,11.52,22.82,15.97,0
10/18/2018,11.47,20.7,15.07,0
10/19/2018,13.16,21.84,16.01,0
10/20/2018,11.49,21.89,15.71,0
10/21/2018,11.61,22.71,16.18,0
10/22/2018,11.42,22.78,15.74,0
10/23/2018,10.93,22.15,15.66,0
10/24/2018,10.71,22.18,15.32,0
10/25/2018,9.31,23.62,14.86,0
10/26/2018,9.68,23.38,15.4,0
10/27/2018,10.88,23.02,15.85,0
10/28/2018,9.9,23.38,15.36,0
10/29/2018,10.15,24.2,15.42,0
10/30/2018,10.42,25.28,16.21,0
10/31/2018,11.03,24.82,16.53,0
11/1/2018,NA,NA,NA,0
11/2/2018,NA,NA,NA,0
11/3/2018,NA,NA,NA,0
11/4/2018,NA,NA,NA,0
11/5/2018,NA,NA,NA,0
11/6/2018,NA,NA,NA,0
11/7/2018,18.37,30.57,22.75,4.6
11/8/2018,18.56,28.02,22.1,0.2
11/9/2018,16.8,19.7,17.72,8
11/10/2018,12.36,22.15,16.58,0
11/11/2018,8.2,20.1,13.1,0
11/12/2018,NA,NA,NA,0
11/13/2018,10.2,19.67,13.65,0
11/14/2018,9.29,19.18,13.05,0
11/15/2018,9.49,18.27,12.67,0
11/16/2018,10.44,16.8,12.65,0.2
11/17/2018,8.54,18.06,12.63,0
11/18/2018,6.54,17.87,10.99,0
11/19/2018,7.65,18.99,11.97,0
11/20/2018,8.64,18.13,12.36,0
11/21/2018,8.3,19.03,12.42,0
11/22/2018,7.62,20.53,12.58,0
11/23/2018,8.02,19.84,12.7,0
11/24/2018,8.87,21.75,13.18,0
11/25/2018,9.53,22.73,14.33,0
11/26/2018,8.99,20.1,13.17,0
11/27/2018,7.24,21.6,12.86,0
11/28/2018,9.21,23.71,14,0
11/29/2018,8.49,21.56,13.11,0
11/30/2018,6.76,19.98,11.51,0
12/1/2018,NA,NA,NA,0
12/2/2018,NA,NA,NA,0
12/3/2018,9.44,16.18,12.46,0
12/4/2018,7.32,17.8,11.49,0
12/5/2018,8.52,16.75,12.02,0
12/6/2018,8.3,19.77,13.38,1.2
12/7/2018,6.26,28.72,16.51,6.8
12/8/2018,5.72,26.52,15.42,16
12/9/2018,5.98,20.79,14.06,7.6
12/10/2018,5.64,18.13,12.55,2.8
12/11/2018,5.67,19.87,12.01,0
12/12/2018,5.05,17.11,9.9,0
12/13/2018,5.08,17.94,10.21,0
12/14/2018,5.41,17.13,10.45,0
12/15/2018,5.69,17.2,10.35,0
12/16/2018,4.25,18.25,10.34,0
12/17/2018,7.17,15.34,10.68,0
12/18/2018,5.98,11.95,7.35,24.4
12/19/2018,6.76,16.58,9.87,0
12/20/2018,5.18,17.06,9.8,0
12/21/2018,5,14.89,9.44,0
12/22/2018,7.04,16.8,10.18,0
12/23/2018,5.54,18.01,10.43,0
12/24/2018,7.39,15.15,10.7,0
12/25/2018,8.02,14.79,10.19,0
12/26/2018,7.22,13.55,9.64,0
12/27/2018,6.1,14.75,9.32,0
12/28/2018,4.27,11.98,7.11,0
12/29/2018,2.5,15.46,7.12,0
12/30/2018,2.8,17.46,8.78,0
12/31/2018,4.64,16.65,8.94,0
1/1/2019,3.54,15.82,8.33,0
1/2/2019,4.17,16.13,8.74,0
1/3/2019,4.19,13.21,7.72,0
1/4/2019,2.85,13.62,7.24,0
1/5/2019,3.43,15.58,8.31,0
1/6/2019,4.22,18.06,9.54,0
1/7/2019,5.57,19.29,10.62,0
1/8/2019,4.87,16.34,9.46,0
1/9/2019,4.97,14.67,8.7,0
1/10/2019,4.27,14.34,8.27,0
1/11/2019,4.82,15.34,9.24,0
1/12/2019,4.51,16.11,9.32,0
1/13/2019,5.46,17.72,9.96,0
1/14/2019,4.35,15.08,8.88,0
1/15/2019,5.15,14.89,8.93,0
1/16/2019,3.93,19.48,9.88,0
1/17/2019,5.28,19.32,10.71,0
1/18/2019,5.33,16.73,9.71,0
1/19/2019,4.09,16.11,9.28,0
1/20/2019,6.94,17.08,10.59,0
1/21/2019,6.48,17.42,10.87,0
1/22/2019,6.54,17.11,10.84,0
1/23/2019,5.82,17.51,10.33,0
1/24/2019,5.75,17.06,10.37,0
1/25/2019,6.38,17.96,11.12,0
1/26/2019,8.69,18.91,12.67,0
1/27/2019,8.39,17.87,11.6,0
1/28/2019,6.03,17.37,10.58,0
1/29/2019,5.44,13.83,8.67,0
1/30/2019,3.64,16.25,8.86,0
1/31/2019,4.58,18.22,10.22,0
2/1/2019,6.54,17.89,11.06,0
2/2/2019,6.38,18.13,11.04,0
2/3/2019,5.05,16.11,10.01,0
2/4/2019,5.59,17.32,10.66,0
2/5/2019,6.03,18.27,11.27,0
2/6/2019,7.87,17.03,11.61,0
2/7/2019,7.7,18.56,12.17,0
2/8/2019,8.82,15.89,11.4,0.2
2/9/2019,7.65,14.96,9.58,6.2
2/10/2019,4.56,16.63,9.76,0
2/11/2019,5.46,17.23,10.43,0
2/12/2019,5.39,18.79,11.09,0
2/13/2019,6.97,20.13,12.54,0
2/14/2019,9.31,20.91,13.8,0
2/15/2019,8.89,20.58,13.55,0
2/16/2019,6.36,11.95,9.04,10
2/17/2019,5,13.76,8.18,0.8
2/18/2019,5.49,11.76,7.43,2.8
2/19/2019,6.05,12.29,7.97,0.6
2/20/2019,6.64,16.58,10.12,0
2/21/2019,8.52,16.46,11.39,0
2/22/2019,8.87,18.46,12.74,0
2/23/2019,9.95,17.51,12.57,0
2/24/2019,8.97,20.46,13.21,0
2/25/2019,8.1,17.75,10.25,1.4
2/26/2019,5.87,17.3,10.63,0
2/27/2019,6.46,14.82,9.5,0.6
2/28/2019,5.08,11.42,7.41,4
3/1/2019,3.51,15.29,8.5,0.2
3/2/2019,4.82,18.53,11.14,0
3/3/2019,6.54,19.08,12.04,0
3/4/2019,7.39,17.08,10.91,8.8
3/5/2019,6.84,17.58,10.89,0.2
3/6/2019,7.7,17.63,11.5,0
3/7/2019,7.82,18.15,11.77,0
3/8/2019,5.57,17.63,10.78,0
3/9/2019,7.8,17.49,10.82,1.4
3/10/2019,8.05,16.84,10.99,0
3/11/2019,9.58,20.08,13.41,0
3/12/2019,11.1,19.22,13.92,0
3/13/2019,11.13,21.51,15.52,0
3/14/2019,11.1,22.8,16.12,0
3/15/2019,12.68,23.33,16.95,0
3/16/2019,12.07,24.07,16.47,0
3/17/2019,9.63,22.61,15.14,0
3/18/2019,10.39,19.58,14.31,0
3/19/2019,7.7,19.89,12.56,8
3/20/2019,7.04,17.82,11.15,0.8
3/21/2019,9.09,15.63,12.39,0.4
3/22/2019,10.39,19.41,14.06,0
3/23/2019,10.25,20.25,13.63,0.2
3/24/2019,8.89,21.56,14.7,0
3/25/2019,11.83,22.47,16.07,0
3/26/2019,10.91,21.03,14.27,1.8
3/27/2019,8.82,21.03,14.02,0
3/28/2019,8.99,24.9,15.89,0
3/29/2019,9.83,23.11,16.08,0
3/30/2019,11.08,22.49,16.23,0
3/31/2019,10.12,19.56,13.05,31.6
4/1/2019,10.3,20.44,13.86,0.2
4/2/2019,9.06,21.2,13.23,1
4/3/2019,7.59,21.37,13.98,0
4/4/2019,11.73,19.98,15.14,0
4/5/2019,12.1,22.71,16.54,0
4/6/2019,13.14,24.58,17.04,1.8
4/7/2019,11.78,18.91,13.91,0.6
4/8/2019,10.91,22.92,15.76,0.8
4/9/2019,10.93,14.98,12.83,6.6
4/10/2019,10.3,22.97,15.68,0.2
4/11/2019,11.73,24.03,17.34,0
4/12/2019,13.09,25.87,18.92,0
4/13/2019,14.53,26.62,19.78,0
4/14/2019,14.46,23.52,18.13,0
4/15/2019,13.83,22.85,17.16,4.2
4/16/2019,14.48,25.28,18.14,0.8
4/17/2019,13.67,18.87,15.91,6
4/18/2019,12.44,24.82,17.79,0
4/19/2019,12.44,24.97,17.93,0
4/20/2019,11.37,24.9,16.16,0
4/21/2019,9.93,22.61,15.92,0
4/22/2019,12.87,18.39,14.54,0.4
4/23/2019,12.1,24,17.03,0
4/24/2019,12.39,27.11,19.14,0
4/25/2019,14.29,28.32,20.54,0
4/26/2019,14.65,27.92,20.59,0
4/27/2019,16.61,27.41,20.46,0
4/28/2019,16.11,19.82,17.58,11.8
4/29/2019,15.03,23.95,18.25,8.6
4/30/2019,15.46,20.96,16.88,16.2
5/1/2019,15.53,23.14,18.32,0.2
5/2/2019,15.61,25.89,19.71,0
5/3/2019,15.13,19.77,17.08,11
5/4/2019,14.31,16.58,15.09,27
5/5/2019,14.48,24.53,18.24,5.8
5/6/2019,15.41,25.77,18.89,0.2
5/7/2019,14.6,24.44,18.56,0
5/8/2019,15.44,23.88,18.67,0
5/9/2019,16.99,24.68,19.58,0
5/10/2019,16.84,25.11,20.18,0
5/11/2019,17.82,25.28,20.16,0
5/12/2019,15.84,24.97,19.75,0
5/13/2019,15.22,26.48,19.28,0
5/14/2019,15.13,23.98,18.09,1.2
5/15/2019,14.39,23.55,17.5,1.8
5/16/2019,15.01,24.8,18.67,1.8
5/17/2019,16.11,23.95,19.17,0
5/18/2019,16.37,25.5,19.96,0
5/19/2019,16.42,26.92,20.58,0
5/20/2019,15.2,26.67,20.01,0
5/21/2019,15.22,27.01,19.66,5.6
5/22/2019,16.53,23.95,17.97,3.4
5/23/2019,15.06,19.72,16.58,27.6
5/24/2019,14.63,24.46,18.65,1.6
5/25/2019,15.94,24.44,19.58,0
5/26/2019,15.75,25.87,18.41,10
5/27/2019,14.84,22.73,18.23,6.2
5/28/2019,15.94,20.77,17.78,6
5/29/2019,14.82,24.56,18.33,1.6
5/30/2019,15.41,20.2,17.24,0.8
5/31/2019,14.58,21.01,17.56,0.2
6/1/2019,14.19,27.41,19.51,0.4
6/2/2019,14.65,26.28,19.69,2.8
6/3/2019,16.46,25.26,19.52,0.4
6/4/2019,15.99,26.4,19.54,0.6
6/5/2019,16.15,27.83,20.97,0.2
6/6/2019,17.89,29.09,21.91,0
6/7/2019,17.49,28.54,22.26,4
6/8/2019,18.2,28.07,21.84,0.8
6/9/2019,17.61,28.54,22.51,0
6/10/2019,17.8,27.09,21.69,0
6/11/2019,17.2,24.58,20.64,0
6/12/2019,18.01,28.94,22.87,0
6/13/2019,17.34,31.66,23.31,8.2
6/14/2019,18.08,29.77,23.02,0
6/15/2019,19.15,28.32,21.82,5.2
6/16/2019,18.3,24.17,19.74,17.6
6/17/2019,18.06,23.81,20.1,5
6/18/2019,17.94,27.21,21.62,6.8
6/19/2019,17.99,28.74,22.56,0
6/20/2019,18.44,27.97,22.71,4.4
6/21/2019,18.49,28.84,22.16,3.8
6/22/2019,18.89,29.94,23.4,0
6/23/2019,18.82,28.89,23.38,0
6/24/2019,19.58,27.88,23.03,0
6/25/2019,19.56,25.89,21.36,2.4
6/26/2019,18.34,23.23,19.67,21.4
6/27/2019,18.13,23.81,20.28,4.2
6/28/2019,18.75,28.32,21.97,0
6/29/2019,18.37,26.55,21.55,0
6/30/2019,18.91,29.49,23.01,10.4
7/1/2019,18.96,30.62,22.83,14
7/2/2019,19.34,28.89,22.79,0.6
7/3/2019,18.87,29.24,23.14,0.2
7/4/2019,19.29,28.52,22.6,0
7/5/2019,19.13,28.72,22.79,36.8
7/6/2019,18.79,28.87,21.65,13.8
7/7/2019,18.37,28.59,20.92,17.2
7/8/2019,18.75,20.72,19.48,40.6
7/9/2019,17.87,22.9,19.73,30.8
7/10/2019,17.96,19.72,18.77,37.6
7/11/2019,17.89,19.72,18.63,32
7/12/2019,18.13,22.39,19.14,5.2
7/13/2019,17.37,24.68,19.62,1.8
7/14/2019,15.82,18.77,17.38,44.6
7/15/2019,17.13,22.66,18.58,13
7/16/2019,16.7,25.94,20.3,5
7/17/2019,18.06,27.58,21.53,0
7/18/2019,18.11,28.02,22.64,0
7/19/2019,18.89,28.99,22.97,0.4
7/20/2019,18.84,27.73,22.62,0
7/21/2019,19.06,25.7,21.01,1
7/22/2019,18.51,22.15,19.57,7.4
7/23/2019,18.51,22.23,19.35,28.6
7/24/2019,18.49,24.97,20.63,11.2
7/25/2019,18.3,25.28,20.53,22.6
7/26/2019,17.89,26.72,20.23,22.2
7/27/2019,18.25,26.35,21.03,4.4
7/28/2019,18.01,28.32,22.26,0.4
7/29/2019,18.7,27.53,21.58,7.4
7/30/2019,18.11,28,21.42,2
7/31/2019,17.94,24.44,20.17,15.6
8/1/2019,17.77,22.44,19.61,16.6
8/2/2019,18.46,27.41,21.22,8.8
8/3/2019,18.22,28.74,22.5,0
8/4/2019,19.29,29.44,23.01,10.4
8/5/2019,19.13,30.67,23.34,10.8
8/6/2019,20.06,30.67,23.57,0.2
8/7/2019,19.72,28.67,22.98,3.8
8/8/2019,NA,NA,NA,0
8/9/2019,NA,NA,NA,0
8/10/2019,NA,NA,NA,0
8/11/2019,NA,NA,NA,0
8/12/2019,NA,NA,NA,0
8/13/2019,NA,NA,NA,0
8/14/2019,NA,NA,NA,0
8/15/2019,NA,NA,NA,0
8/16/2019,NA,NA,NA,0
8/17/2019,NA,NA,NA,0
8/18/2019,NA,NA,NA,0
8/19/2019,NA,NA,NA,0
8/20/2019,NA,NA,NA,0
8/21/2019,NA,NA,NA,0
8/22/2019,NA,NA,NA,0
8/23/2019,NA,NA,NA,0
8/24/2019,NA,NA,NA,0
8/25/2019,NA,NA,NA,0
8/26/2019,NA,NA,NA,0
8/27/2019,NA,NA,NA,0
8/28/2019,NA,NA,NA,0
8/29/2019,NA,NA,NA,0
8/30/2019,NA,NA,NA,0
8/31/2019,NA,NA,NA,0
9/1/2019,NA,NA,NA,0
9/2/2019,NA,NA,NA,0
9/3/2019,NA,NA,NA,0
9/4/2019,NA,NA,NA,0
9/5/2019,NA,NA,NA,0
9/6/2019,NA,NA,NA,0
9/7/2019,NA,NA,NA,0
9/8/2019,NA,NA,NA,0
9/9/2019,NA,NA,NA,0
9/10/2019,NA,NA,NA,0
9/11/2019,NA,NA,NA,0
9/12/2019,NA,NA,NA,0
9/13/2019,NA,NA,NA,0
9/14/2019,NA,NA,NA,0
9/15/2019,NA,NA,NA,0
9/16/2019,NA,NA,NA,0
9/17/2019,NA,NA,NA,0
9/18/2019,NA,NA,NA,0
9/19/2019,NA,NA,NA,0
9/20/2019,NA,NA,NA,0
9/21/2019,NA,NA,NA,0
9/22/2019,NA,NA,NA,0
9/23/2019,NA,NA,NA,0
9/24/2019,NA,NA,NA,0
9/25/2019,NA,NA,NA,0
9/26/2019,NA,NA,NA,0
9/27/2019,NA,NA,NA,0
9/28/2019,NA,NA,NA,0
9/29/2019,NA,NA,NA,0
9/30/2019,NA,NA,NA,0
10/1/2019,NA,NA,NA,0
10/2/2019,NA,NA,NA,0
10/3/2019,NA,NA,NA,0
10/4/2019,NA,NA,NA,0
10/5/2019,NA,NA,NA,0
10/6/2019,NA,NA,NA,0
10/7/2019,NA,NA,NA,0
10/8/2019,NA,NA,NA,0
10/9/2019,NA,NA,NA,0
10/10/2019,NA,NA,NA,0
10/11/2019,NA,NA,NA,0
10/12/2019,NA,NA,NA,0
10/13/2019,NA,NA,NA,0
10/14/2019,NA,NA,NA,0
10/15/2019,NA,NA,NA,0
10/16/2019,NA,NA,NA,0
10/17/2019,NA,NA,NA,0
10/18/2019,NA,NA,NA,0
10/19/2019,NA,NA,NA,0
10/20/2019,NA,NA,NA,0
10/21/2019,NA,NA,NA,0
10/22/2019,NA,NA,NA,0
10/23/2019,NA,NA,NA,0
10/24/2019,NA,NA,NA,0
10/25/2019,NA,NA,NA,0
10/26/2019,NA,NA,NA,0
10/27/2019,NA,NA,NA,0
10/28/2019,NA,NA,NA,0
10/29/2019,NA,NA,NA,0
10/30/2019,NA,NA,NA,0
10/31/2019,NA,NA,NA,0
11/1/2019,NA,NA,NA,0
11/2/2019,NA,NA,NA,0
11/3/2019,NA,NA,NA,0
11/4/2019,NA,NA,NA,0
11/5/2019,NA,NA,NA,0
11/6/2019,NA,NA,NA,0
11/7/2019,NA,NA,NA,0
11/8/2019,NA,NA,NA,0
11/9/2019,NA,NA,NA,0
11/10/2019,NA,NA,NA,0
11/11/2019,NA,NA,NA,0
11/12/2019,NA,NA,NA,0
11/13/2019,NA,NA,NA,0
11/14/2019,NA,NA,NA,0
11/15/2019,NA,NA,NA,0
11/16/2019,NA,NA,NA,0
11/17/2019,NA,NA,NA,0
11/18/2019,NA,NA,NA,0
11/19/2019,NA,NA,NA,0
11/20/2019,NA,NA,NA,0
11/21/2019,NA,NA,NA,0
11/22/2019,NA,NA,NA,0
11/23/2019,NA,NA,NA,0
11/24/2019,NA,NA,NA,0
11/25/2019,NA,NA,NA,0
11/26/2019,NA,NA,NA,0
11/27/2019,NA,NA,NA,0
11/28/2019,NA,NA,NA,0
11/29/2019,NA,NA,NA,0
11/30/2019,NA,NA,NA,0
12/1/2019,NA,NA,NA,0
12/2/2019,NA,NA,NA,0
12/3/2019,NA,NA,NA,0
12/4/2019,NA,NA,NA,0
12/5/2019,NA,NA,NA,0
12/6/2019,NA,NA,NA,0
12/7/2019,NA,NA,NA,0
12/8/2019,NA,NA,NA,0
12/9/2019,NA,NA,NA,0
12/10/2019,NA,NA,NA,0
12/11/2019,NA,NA,NA,0
12/12/2019,NA,NA,NA,0
12/13/2019,NA,NA,NA,0
12/14/2019,NA,NA,NA,0
12/15/2019,NA,NA,NA,0
12/16/2019,NA,NA,NA,0
12/17/2019,NA,NA,NA,0
12/18/2019,NA,NA,NA,0
12/19/2019,NA,NA,NA,0
12/20/2019,NA,NA,NA,0
12/21/2019,NA,NA,NA,0
12/22/2019,NA,NA,NA,0
12/23/2019,NA,NA,NA,0
12/24/2019,NA,NA,NA,0
12/25/2019,NA,NA,NA,0
12/26/2019,NA,NA,NA,0
12/27/2019,NA,NA,NA,0
12/28/2019,NA,NA,NA,0
12/29/2019,NA,NA,NA,0
12/30/2019,NA,NA,NA,0
12/31/2019,NA,NA,NA,0
1/1/2020,NA,NA,NA,0
1/2/2020,NA,NA,NA,0
1/3/2020,NA,NA,NA,0
1/4/2020,NA,NA,NA,0
1/5/2020,NA,NA,NA,0
1/6/2020,NA,NA,NA,0
1/7/2020,NA,NA,NA,0
1/8/2020,NA,NA,NA,0
1/9/2020,NA,NA,NA,0
1/10/2020,NA,NA,NA,0
1/11/2020,NA,NA,NA,0
1/12/2020,NA,NA,NA,0
1/13/2020,NA,NA,NA,0
1/14/2020,NA,NA,NA,0
1/15/2020,NA,NA,NA,0
1/16/2020,NA,NA,NA,0
1/17/2020,NA,NA,NA,0
1/18/2020,NA,NA,NA,0
1/19/2020,NA,NA,NA,0
1/20/2020,NA,NA,NA,0
1/21/2020,NA,NA,NA,0
1/22/2020,NA,NA,NA,0
1/23/2020,NA,NA,NA,0
1/24/2020,NA,NA,NA,0
1/25/2020,NA,NA,NA,0
1/26/2020,NA,NA,NA,0
1/27/2020,NA,NA,NA,0
1/28/2020,NA,NA,NA,0
1/29/2020,NA,NA,NA,0
1/30/2020,NA,NA,NA,0
1/31/2020,NA,NA,NA,0
2/1/2020,NA,NA,NA,0
2/2/2020,NA,NA,NA,0
2/3/2020,NA,NA,NA,0
2/4/2020,NA,NA,NA,0
2/5/2020,NA,NA,NA,0
2/6/2020,NA,NA,NA,0
2/7/2020,NA,NA,NA,0
2/8/2020,NA,NA,NA,0
2/9/2020,NA,NA,NA,0
2/10/2020,NA,NA,NA,0
2/11/2020,NA,NA,NA,0
2/12/2020,NA,NA,NA,0
2/13/2020,NA,NA,NA,0
2/14/2020,NA,NA,NA,0
2/15/2020,NA,NA,NA,0
2/16/2020,NA,NA,NA,0
2/17/2020,NA,NA,NA,0
2/18/2020,NA,NA,NA,0
2/19/2020,NA,NA,NA,0
2/20/2020,NA,NA,NA,0
2/21/2020,NA,NA,NA,0
2/22/2020,NA,NA,NA,0
2/23/2020,NA,NA,NA,0
2/24/2020,NA,NA,NA,0
2/25/2020,NA,NA,NA,0
2/26/2020,NA,NA,NA,0
2/27/2020,NA,NA,NA,0
2/28/2020,6.46,19.96,12.26,0
2/29/2020,8.67,21.15,13.63,0
3/1/2020,7.39,20.46,13.19,0
3/2/2020,8.37,20.37,13.25,0
3/3/2020,8.27,17.37,11.07,0
3/4/2020,8.59,15.13,11.17,0
3/5/2020,7.92,19.6,11.98,0
3/6/2020,7.39,17.15,11.69,0
3/7/2020,8.25,18.13,11.96,0
3/8/2020,8.84,19.82,12.65,0
3/9/2020,9.44,19.48,13.32,0
3/10/2020,9.78,20.87,13.85,0
3/11/2020,10,21.03,14,0
3/12/2020,10.93,21.18,14.75,0
3/13/2020,10.44,21.44,15.22,0
3/14/2020,11.03,18.44,14.03,0
3/15/2020,9.93,22.8,14.92,0
3/16/2020,9.11,22.32,14.59,0
3/17/2020,8.62,21.1,14.06,0
3/18/2020,9.9,21.32,14.7,0
3/19/2020,10.42,21.15,14.01,0
3/20/2020,7.82,21.22,12.72,0
3/21/2020,8.39,19.89,12.65,0
3/22/2020,9.56,17.51,12.69,0
3/23/2020,9.76,17.75,11.88,0
3/24/2020,8.47,21.84,14.29,0
3/25/2020,10.49,23.45,16.13,0
3/26/2020,11.81,23.95,16.73,0
3/27/2020,12.68,24.17,17.58,0
3/28/2020,14.29,23.98,18.09,0
3/29/2020,13.88,25.55,17.88,0
3/30/2020,12.05,24.2,17.1,0
3/31/2020,12.1,23.35,16.92,0
4/1/2020,12.97,22.9,17.13,0
4/2/2020,10.88,20.29,14.47,0
4/3/2020,9.24,23.11,15.43,0
4/4/2020,12.92,23.16,16.69,0
4/5/2020,10.91,22.01,16,0
4/6/2020,12.75,21.65,15.81,0
4/7/2020,11.88,18.11,14.16,0
4/8/2020,11.39,24.15,16.68,0
4/9/2020,10.03,24.53,15.5,0
4/10/2020,9.29,23.18,15.41,0
4/11/2020,11.76,24.63,17.31,0
4/12/2020,10.83,23.02,15.82,0
4/13/2020,11.08,24,16.57,0
4/14/2020,12.75,27.85,18.97,0
4/15/2020,11.95,25.04,17.32,0
4/16/2020,12.61,25.31,17.06,0
4/17/2020,11.44,25.84,16.95,0
4/18/2020,12.87,19.29,15.49,0
4/19/2020,12.03,16.99,13.8,0
4/20/2020,12.85,23.42,16.25,0
4/21/2020,10.42,20.27,14.69,0
4/22/2020,9.71,19.22,12.98,0
4/23/2020,10.59,18.56,14.06,0
4/24/2020,11.61,15.32,12.82,0
4/25/2020,10.2,21.6,15.27,0
4/26/2020,11.88,23.69,16.23,0
4/27/2020,10.96,24.46,15.97,0
4/28/2020,12.05,16.84,14.12,0
4/29/2020,12.24,19.51,15.04,0
4/30/2020,12.34,23.74,17.08,0
5/1/2020,12.94,24.53,16.78,0
5/2/2020,13.43,24.97,17.32,0
5/3/2020,13.23,25.33,16.62,0
5/4/2020,14.1,24.75,17.85,0
5/5/2020,14.7,24.97,18.61,0
5/6/2020,13.59,23.74,16.18,0
5/7/2020,12.24,24.41,17.76,0
5/8/2020,11.76,21.32,15.25,0
5/9/2020,12.22,24.36,17.92,0
5/10/2020,13.86,27.65,19.99,0
5/11/2020,13.35,24.07,17.52,0
5/12/2020,12.65,25.53,17.99,0
5/13/2020,12.53,19.6,15.46,0
5/14/2020,14.55,23.71,18.04,0
5/15/2020,15.15,25.23,19.39,0
5/16/2020,14.41,22.92,17.82,0
5/17/2020,15.87,26.38,19.77,0
5/18/2020,16.39,26.23,20.23,0
5/19/2020,16.8,25.11,20.41,0
5/20/2020,15.18,22.03,17.72,0
5/21/2020,15.25,17.94,16.19,0
5/22/2020,15.51,18.11,16.51,0
5/23/2020,16.11,22.87,17.84,0
5/24/2020,16.68,24.85,19.43,0
5/25/2020,17.15,19.94,18.16,0
5/26/2020,14.6,20.32,16.96,0
5/27/2020,14.22,21.29,16.45,0
5/28/2020,13.11,25.57,18.54,0
5/29/2020,14.29,26.52,19.01,0
5/30/2020,14.34,25.16,18.28,0
5/31/2020,15.25,23.16,17.82,0
6/1/2020,15.89,24.75,19.19,0
6/2/2020,16.06,25.96,19.72,0
6/3/2020,15.46,24.73,18.94,0
6/4/2020,16.53,24.27,18.19,0
6/5/2020,16.23,23.74,18.84,0
6/6/2020,16.99,22.82,19.02,0
6/7/2020,17.53,27.6,21.41,0
6/8/2020,17.58,27.92,21.86,0
6/9/2020,17.08,28.27,22.2,0
6/10/2020,18.11,29.59,23,0
6/11/2020,18.39,30.24,22.63,0
6/12/2020,18.46,26.72,21.25,0
6/13/2020,17.94,25.14,20.29,0
6/14/2020,17.99,27.83,21.2,0
6/15/2020,18.13,29.37,22.51,0
6/16/2020,18.58,28.05,22.07,0
6/17/2020,18.46,26.7,21.61,0
6/18/2020,19.13,22.13,19.88,0
6/19/2020,18.65,23.71,20.09,0
6/20/2020,18.44,26.99,21.55,0
6/21/2020,18.68,26.87,22.11,0
6/22/2020,18.99,28.1,22.16,0
6/23/2020,18.51,26.13,21.29,0
6/24/2020,18.99,26.04,21.51,0
6/25/2020,18.11,20.65,19.18,0
6/26/2020,17.96,21.63,18.94,0
6/27/2020,17.77,22.97,19.33,0
6/28/2020,17.75,26.79,20.61,0
6/29/2020,18.46,25.16,20.71,0
6/30/2020,18.56,28.17,22.18,0
7/1/2020,19.2,26.92,21.76,0
7/2/2020,18.99,24.73,20.38,0
7/3/2020,18.63,23.42,20.34,0
7/4/2020,17.92,26.09,21.5,0
7/5/2020,19.13,27.63,21.91,0
7/6/2020,18.91,28.1,21.59,0
7/7/2020,18.96,28.35,22.29,0
7/8/2020,19.29,29.41,22.64,0
7/9/2020,18.63,23.14,20.29,0
7/10/2020,18.56,21.22,19.57,0
7/11/2020,18.65,21.89,19.35,0
7/12/2020,18.37,23.55,20.04,0
7/13/2020,18.01,25.26,21.05,0
7/14/2020,18.44,28.12,21.92,0
7/15/2020,18.51,27.53,21.79,0
7/16/2020,18.68,26.11,20.97,0
7/17/2020,18.7,24.1,20.09,0
7/18/2020,18.6,23.5,20.13,0
7/19/2020,18.39,23.76,19.82,0
7/20/2020,18.3,20.08,19.03,0
7/21/2020,17.77,24.29,20.06,0
7/22/2020,18.22,22.92,19.89,0
7/23/2020,18.94,24.27,20.02,0
7/24/2020,18.79,27.33,21.5,0
7/25/2020,18.68,28.27,22.05,0
7/26/2020,18.75,23.23,20.45,0
7/27/2020,18.34,27.38,20.62,0
7/28/2020,19.03,25.38,20.55,0
7/29/2020,18.37,25.79,20.89,0
7/30/2020,17.99,22.44,19.36,0
7/31/2020,18.06,24.48,20.14,0
8/1/2020,18.63,28.84,22.32,0
8/2/2020,18.63,29.57,23.02,0
8/3/2020,20.44,29.59,23.02,0
8/4/2020,19.01,30.77,23.84,0
8/5/2020,20.91,28.32,22.96,0
8/6/2020,20.01,30.32,23.27,0
8/7/2020,19.96,28.49,22.93,0
8/8/2020,19.13,25.89,21.25,0
8/9/2020,19.25,22.92,20.27,0
8/10/2020,18.68,25.31,21.09,0
8/11/2020,18.46,26.33,20.59,0
8/12/2020,18.72,26.79,21.44,0
8/13/2020,18.82,29.22,22.71,0
8/14/2020,18.56,27.48,21.99,0
8/15/2020,18.13,27.73,21.23,0
8/16/2020,18.53,27.85,21.37,0
8/17/2020,18.6,27.41,21.24,0
8/18/2020,19.29,26.84,21.89,0
8/19/2020,18.18,27.6,21.56,0
8/20/2020,18.2,24.48,20.61,0
8/21/2020,17.53,25.36,20.1,0
8/22/2020,17.7,27.7,21.43,0
8/23/2020,17.51,27.51,21.98,0
8/24/2020,18.32,27.9,21.59,0
8/25/2020,18.58,28.22,22.16,0
8/26/2020,19.48,27.92,22.35,0
8/27/2020,18.41,28.37,22.27,0
8/28/2020,17.51,27.31,21.74,0
8/29/2020,18.53,27.16,21.29,0
8/30/2020,18.63,25.57,21.01,0
8/31/2020,18.94,28.1,21.56,0
9/1/2020,18.84,27.33,21.72,0
9/2/2020,18.63,28.3,21.56,0
9/3/2020,18.72,28.27,22.12,0
9/4/2020,19.06,26.97,21.95,0
9/5/2020,18.56,23.79,20.24,0
9/6/2020,18.39,22.92,19.47,0
9/7/2020,17.49,22.25,18.96,0
9/8/2020,16.84,24.85,19.91,0
9/9/2020,17.72,27.14,21.27,0
9/10/2020,18.27,27.85,21.76,0
9/11/2020,18.84,24.75,20.68,0
9/12/2020,18.32,25.82,20.42,0
9/13/2020,18.41,25.89,20.66,0
9/14/2020,18.06,23.79,20.04,0
9/15/2020,17.8,23.52,19.87,0
9/16/2020,17.82,23.33,19.88,0
9/17/2020,18.49,24.63,19.99,0
9/18/2020,18.39,25.33,20.78,0
9/19/2020,17.13,29.64,22.38,0
9/20/2020,18.2,29.49,22.72,0
9/21/2020,18.34,26.43,21.06,0
9/22/2020,17.96,23.16,19.37,0
9/23/2020,17.08,21.49,18.86,0
9/24/2020,17.46,26.87,20.48,0
9/25/2020,17.65,24.17,19.66,0
9/26/2020,16.27,21.8,18.57,0
9/27/2020,16.87,22.68,19.23,0
9/28/2020,15.53,26.72,20.24,0
9/29/2020,17.42,26.72,20.96,0
9/30/2020,17.2,26.33,20.82,0
10/1/2020,17.2,26.6,20.86,0
10/2/2020,16.49,25.23,20.15,0
10/3/2020,17.58,25.19,20.23,0
10/4/2020,17.01,27.06,20.84,0
10/5/2020,17.44,25.14,20.36,0
10/6/2020,17.8,25.55,20.28,0
10/7/2020,17.27,25.04,19.95,0
10/8/2020,17.01,26.26,20.56,0
10/9/2020,16.42,27.19,20.66,0
10/10/2020,15.49,28.89,20.44,0
10/11/2020,15.77,27.04,20.27,0
10/12/2020,15.15,27.14,19.96,0
10/13/2020,13.95,26.7,19.09,0
10/14/2020,14.22,28.97,19.14,0
10/15/2020,14.03,27.31,19.17,0
10/16/2020,14.24,28.54,19.43,0
10/17/2020,14.55,27.85,19.74,0
10/18/2020,15.39,27.26,19.79,0
10/19/2020,14.48,25.65,18.84,0
10/20/2020,15.27,25.55,18.81,0
10/21/2020,13.64,24.9,17.96,0
10/22/2020,12.58,25.87,17.52,0
10/23/2020,15.63,22.3,17.16,0
10/24/2020,15.06,19.53,16.97,0
10/25/2020,15.77,20.98,17.03,0
10/26/2020,15.1,23.33,17.25,0
10/27/2020,12.61,24.77,17.03,0
10/28/2020,11.05,26.09,16.69,0
10/29/2020,11.71,26.89,17.22,0
10/30/2020,12.24,29.14,18.14,0
10/31/2020,13.55,24.15,17.63,0
11/1/2020,13.09,24.92,17.27,0
11/2/2020,12.46,24.48,17.01,0
11/3/2020,13.23,24.68,17.2,0
11/4/2020,12.44,22.66,16.16,0
11/5/2020,10.71,22.15,14.76,0
11/6/2020,8.69,20.7,13.2,0
11/7/2020,8.59,21.63,13.46,0
11/8/2020,8.69,23.93,14.2,0
11/9/2020,9.66,24.12,14.71,0
11/10/2020,10.08,24.63,14.79,0
11/11/2020,10.08,22.9,14.95,0
11/12/2020,10.39,23.86,15.14,0
11/13/2020,9.61,23.52,14.51,0
11/14/2020,9.78,22.8,14.71,0
11/15/2020,9.81,22.9,14.8,0
11/16/2020,10.15,23.23,14.61,0
11/17/2020,8.87,19.27,12.99,0
11/18/2020,9.44,17.92,11.86,0
11/19/2020,9.26,14.72,11.24,0
11/20/2020,9.29,16.53,11.68,0
11/21/2020,8.27,17.27,11.78,0
11/22/2020,7.97,16.44,10.94,0
11/23/2020,6.66,16.46,10.79,0
11/24/2020,7.17,17.56,11.22,0
11/25/2020,6.61,18.53,11.3,0
11/26/2020,7.8,17.68,11.95,0
11/27/2020,10.32,16.63,12.27,0
11/28/2020,8.64,18.51,12.76,0
11/29/2020,8.49,20.25,13.07,0
11/30/2020,7.95,17.87,12.18,0
12/1/2020,7.87,17.82,12.24,0
12/2/2020,8.92,18.01,12.55,0
12/3/2020,8.92,16.39,12.04,0
12/4/2020,8.52,17.01,11.62,0
12/5/2020,8.25,14.77,10.58,0
12/6/2020,5.98,14.15,9.68,0
12/7/2020,7.97,14.79,10.49,0
12/8/2020,9.06,15.2,11.53,0
12/9/2020,8.12,16.11,11.58,0
12/10/2020,8.25,14.77,11.28,0
12/11/2020,8.72,14.7,11.21,0
12/12/2020,8.37,15.56,11.37,0
12/13/2020,8.34,14.98,11.08,0
12/14/2020,7.54,14.29,10.6,0
12/15/2020,7.07,14.67,10.3,0
12/16/2020,6.79,14.36,10.22,0
12/17/2020,6.86,13.43,9.55,0
12/18/2020,7.12,13.4,9.17,0
12/19/2020,5.95,12.65,8.66,0
12/20/2020,6.03,14.15,9.5,0
12/21/2020,6.15,14.77,9.72,0
12/22/2020,6.15,14.48,9.7,0
12/23/2020,5.69,14.27,9.42,0
12/24/2020,5.49,14.53,9.27,0
12/25/2020,4.66,13.43,8.57,0
12/26/2020,5.62,13.67,9.12,0
12/27/2020,5.15,13.57,9,0
12/28/2020,5.62,13.95,9.1,0
12/29/2020,5.23,13.11,8.88,0
12/30/2020,5.18,15.27,9.4,0
12/31/2020,4.61,15.56,9.07,0
